Identifier,State,Location,Site,PitID,Date,Time,Density,LWC,Temp,Strat,"Interval
Board","Perimeter
Depths",Flag,Photo Package
CAAMCL_20191220_1300,CA,American River Basin,Caples Lake,CAAMCL,2019-12-20,13:00,y,n,y,y,n,y,"BDG, MW","book1, book2, east, north, pit, south, up, west"
CAAMCL_20200131_1215,CA,American River Basin,Caples Lake,CAAMCL,2020-01-31,12:15,y,n,y,y,n,y,MW,"book1, book2, east, north, pit, south, up, west"
CAAMCL_20200214_1200,CA,American River Basin,Caples Lake,CAAMCL,2020-02-14,12:00,y,n,y,y,y,y,STLay,"book1, book2, east, north, pit, south, up, west"
CAAMCL_20200221_1200,CA,American River Basin,Caples Lake,CAAMCL,2020-02-21,12:00,y,n,y,y,y,y,"MW, STLay","book1, book2, east, north, pit, south, up, west"
CAAMCL_20200228_1130,CA,American River Basin,Caples Lake,CAAMCL,2020-02-28,11:30,y,n,y,y,y,y,STLay,"book1, book2, east, north, pit, south, up, west"
CAAMCL_20200306_1145,CA,American River Basin,Caples Lake,CAAMCL,2020-03-06,11:45,y,y,y,y,y,y,MW,"book1, book2, east, north, pit, south, up, west"
CAAMCL_20200313_1030,CA,American River Basin,Caples Lake,CAAMCL,2020-03-13,10:30,y,y,y,y,y,y,"MW, STCom, STLay","book1, book2, east, north, pit, south, up, west"
IDBRLO_20200122_1512,ID,Boise River Basin,LDP Open,IDBRLO,2020-01-22,15:12,y,n,y,y,y,y,"BDG, MW","book1, book2"
IDBRLO_20200131_0926,ID,Boise River Basin,LDP Open,IDBRLO,2020-01-31,09:26,y,n,y,y,y,y,"BDG, MW","book1, book2, east, north, pit, south, west"
IDBRLO_20200212_1519,ID,Boise River Basin,LDP Open,IDBRLO,2020-02-12,15:19,y,n,y,y,y,y,BDG,"book1, book2, east, north, pit, south, up, west"
IDBRLO_20200220_0845,ID,Boise River Basin,LDP Open,IDBRLO,2020-02-20,08:45,y,n,y,y,y,y,BDG,"book1, book2, east, north, pit, south, up, west"
IDBRLO_20200226_0928,ID,Boise River Basin,LDP Open,IDBRLO,2020-02-26,09:28,y,n,y,y,y,y,BDG,"book1, book2, east, north, pit, south, up, west"
IDBRLO_20200304_1210,ID,Boise River Basin,LDP Open,IDBRLO,2020-03-04,12:10,y,n,y,y,n,y,,"book1, book2, east, north, south, up, west"
IDBRLO_20200311_0930,ID,Boise River Basin,LDP Open,IDBRLO,2020-03-11,09:30,y,n,y,y,y,y,,"book1, book2, pit"
IDBRLT_20200122_1324,ID,Boise River Basin,LDP Tree,IDBRLT,2020-01-22,13:24,y,n,y,y,n,y,"BDG, MW","book1, book2"
IDBRLT_20200131_1115,ID,Boise River Basin,LDP Tree,IDBRLT,2020-01-31,11:15,y,n,y,y,y,y,"BDG, STCom, MW","book1, book2, east, north, pit, south, up, west"
IDBRLT_20200212_1400,ID,Boise River Basin,LDP Tree,IDBRLT,2020-02-12,14:00,y,n,y,y,y,y,"TDG, BDG, STCom","book, book1, book2, east, north, pit, south, up, west"
IDBRLT_20200220_1042,ID,Boise River Basin,LDP Tree,IDBRLT,2020-02-20,10:42,y,n,y,y,y,y,MDG,"book1, book2, east, north, pit, south, west"
IDBRLT_20200226_1115,ID,Boise River Basin,LDP Tree,IDBRLT,2020-02-26,11:15,y,n,y,y,y,y,BDG,"book1, book2, east, north, pit, south, up, west"
IDBRLT_20200304_1111,ID,Boise River Basin,LDP Tree,IDBRLT,2020-03-04,11:11,y,n,y,y,n,y,,"book1, book2, east, north, pit, south, up, west"
IDBRLT_20200311_1117,ID,Boise River Basin,LDP Tree,IDBRLT,2020-03-11,11:17,y,y,y,y,y,y,BDG,"book1, book2, east, north, pit, south, west"
IDBRBO_20191218_1424,ID,Boise River Basin,Banner Open,IDBRBO,2019-12-18,14:24,y,n,y,y,n,y,AD,"book1, book2, east, north, pit, south, up, west"
IDBRBO_20200109_1411,ID,Boise River Basin,Banner Open,IDBRBO,2020-01-09,14:11,y,n,y,y,y,n,,"book1, book2, pit"
IDBRBO_20200123_1430,ID,Boise River Basin,Banner Open,IDBRBO,2020-01-23,14:30,y,n,y,y,y,n,"STCom, AD","book1, book2, east, north, pit, south, up, west"
IDBRBO_20200130_1340,ID,Boise River Basin,Banner Open,IDBRBO,2020-01-30,13:40,y,n,y,y,y,y,,"book1, book2, east, north, pit, south, up, west"
IDBRBO_20200206_1300,ID,Boise River Basin,Banner Open,IDBRBO,2020-02-06,13:00,y,n,y,y,y,y,,"book1, book2, east, north, pit, south, up, west"
IDBRBO_20200213_1230,ID,Boise River Basin,Banner Open,IDBRBO,2020-02-13,12:30,y,y,y,y,y,y,,"book1, book2, east, north, pit, south, up, west"
IDBRBO_20200219_1222,ID,Boise River Basin,Banner Open,IDBRBO,2020-02-19,12:22,y,y,y,y,y,y,"BDG, AD","book1, book2, east, north, pit, south, up, west"
IDBRBO_20200227_1240,ID,Boise River Basin,Banner Open,IDBRBO,2020-02-27,12:40,y,y,y,y,y,y,BDG,"book1, book2, east, north, pit, south, west"
IDBRBO_20200305_1245,ID,Boise River Basin,Banner Open,IDBRBO,2020-03-05,12:45,y,y,y,y,y,y,,"book1, book2"
IDBRBO_20200312_1215,ID,Boise River Basin,Banner Open,IDBRBO,2020-03-12,12:15,y,y,y,y,y,y,,"book1, book2, east, north, pit, south, up, west"
IDBRBS_20191218_1000,ID,Boise River Basin,Banner Snotel,IDBRBS,2019-12-18,10:00,y,y,y,y,y,y,AD,"book1, book2, east, north, pit, south, up, west"
IDBRBS_20200109_1030,ID,Boise River Basin,Banner Snotel,IDBRBS,2020-01-09,10:30,y,n,y,y,y,n,AD,"book1, book2, east, north, pit, pit2, south, up, west"
IDBRBS_20200123_1100,ID,Boise River Basin,Banner Snotel,IDBRBS,2020-01-23,11:00,y,n,y,y,y,n,"STCom, AD","book1, book2, east, north, pit, south, up, west"
IDBRBS_20200130_1200,ID,Boise River Basin,Banner Snotel,IDBRBS,2020-01-30,12:00,y,n,y,y,y,y,,"book1, book2, east, north, pit, south, up, west"
IDBRBS_20200206_1200,ID,Boise River Basin,Banner Snotel,IDBRBS,2020-02-06,12:00,y,n,y,y,y,y,STCom,"book1, book2, east, north, pit, south, up, west"
IDBRBS_20200213_1130,ID,Boise River Basin,Banner Snotel,IDBRBS,2020-02-13,11:30,y,y,y,y,y,y,,"book1, book2, east, north, pit, south, up, west"
IDBRBS_20200219_1045,ID,Boise River Basin,Banner Snotel,IDBRBS,2020-02-19,10:45,y,y,y,y,y,y,,"book1, book2"
IDBRBS_20200227_1030,ID,Boise River Basin,Banner Snotel,IDBRBS,2020-02-27,10:30,y,y,y,y,y,y,,"book1, book2, east, north, pit, south, up, west"
IDBRBS_20200305_1040,ID,Boise River Basin,Banner Snotel,IDBRBS,2020-03-05,10:40,y,y,y,y,y,y,,"book1, book2"
IDBRBS_20200312_1000,ID,Boise River Basin,Banner Snotel,IDBRBS,2020-03-12,10:00,y,y,y,y,y,y,STCom,"book1, book2, east, flowfinger, flowfinger2, flowfinger3, north, pit, south, up, west"
IDBRBU_20191219_1000,ID,Boise River Basin,Bogus Upper,IDBRBU,2019-12-19,10:00,y,y,y,y,y,n,AD,"book1, book2, east, north, pit, up"
IDBRBU_20200108_1155,ID,Boise River Basin,Bogus Upper,IDBRBU,2020-01-08,11:55,y,n,y,y,y,n,AD,"book1, book2, pit, pit2, west"
IDBRBU_20200116_1100,ID,Boise River Basin,Bogus Upper,IDBRBU,2020-01-16,11:00,y,n,y,y,y,y,AD,"book1, book2, east, north, pit, south, up, west"
IDBRBU_20200124_1315,ID,Boise River Basin,Bogus Upper,IDBRBU,2020-01-24,13:15,y,y,y,y,y,y,AD,"book1, book2, east, north, pit, south, west"
IDBRBU_20200131_1330,ID,Boise River Basin,Bogus Upper,IDBRBU,2020-01-31,13:30,y,n,y,y,y,y,,"book1, book2, east, north, pit, south, up, west"
IDBRBU_20200207_1230,ID,Boise River Basin,Bogus Upper,IDBRBU,2020-02-07,12:30,y,y,y,y,y,y,,"book1, book2, east, north, pit, south, up, west"
IDBRBU_20200214_1230,ID,Boise River Basin,Bogus Upper,IDBRBU,2020-02-14,12:30,y,y,y,y,y,y,,"book1, book2, east, north, pit, south, up, west"
IDBRBU_20200220_1100,ID,Boise River Basin,Bogus Upper,IDBRBU,2020-02-20,11:00,y,y,y,y,y,y,,"book1, book2, east, north, pit, south, up, west"
IDBRBU_20200226_1445,ID,Boise River Basin,Bogus Upper,IDBRBU,2020-02-26,14:45,y,y,y,y,y,y,,"book1, book2, east, north, pit, south, up, west"
IDBRBU_20200304_1455,ID,Boise River Basin,Bogus Upper,IDBRBU,2020-03-04,14:55,y,y,y,y,y,y,,"book1, book2"
IDBRBU_20200311_1400,ID,Boise River Basin,Bogus Upper,IDBRBU,2020-03-11,14:00,y,y,y,y,y,y,BDG,"book1, book2, east, north, pit, south, up, west"
IDBRMC_20200212_1100,ID,Boise River Basin,Mores Creek Summit,IDBRMC,2020-02-12,11:00,y,n,y,n,y,n,"TDG, STCom","book1, book2, east, north, pit, south, up, west"
IDBRMC_20200311_1100,ID,Boise River Basin,Mores Creek Summit,IDBRMC,2020-03-11,11:00,y,n,y,n,y,n,,"book1, book2"
COCPJW_20191218_1125,CO,Cameron Pass,Joe Wright,COCPJW,2019-12-18,11:25,y,n,y,y,n,y,,"book1, east, north, pit, south, up, west"
COCPJW_20200124_1135,CO,Cameron Pass,Joe Wright,COCPJW,2020-01-24,11:35,y,n,y,y,y,y,STLay,"book1, east, north, south, up, west"
COCPJW_20200131_1000,CO,Cameron Pass,Joe Wright,COCPJW,2020-01-31,10:00,y,n,y,y,y,y,,"book1, east, north, south, up, west"
COCPJW_20200212_1108,CO,Cameron Pass,Joe Wright,COCPJW,2020-02-12,11:08,y,n,y,y,y,y,,"book1, east, north, pit, south, up, west"
COCPJW_20200219_1004,CO,Cameron Pass,Joe Wright,COCPJW,2020-02-19,10:04,y,n,y,y,y,y,,"book1, east, north, pit, south, up, west"
COCPJW_20200226_0947,CO,Cameron Pass,Joe Wright,COCPJW,2020-02-26,09:47,y,n,y,y,y,y,,"book1, east, north, pit, south, up, west"
COCPJW_20200304_0927,CO,Cameron Pass,Joe Wright,COCPJW,2020-03-04,09:27,y,n,y,y,y,y,,"125-70cm, 140-125cm, 153-140cm, 2-0cm, 70-2cm, book1, east, north, south, up, west"
COCPJW_20200311_0900,CO,Cameron Pass,Joe Wright,COCPJW,2020-03-11,09:00,y,n,y,y,y,y,,"book1, east, north, pit, south, up, west"
COCPMR_20191218_1350,CO,Cameron Pass,Michigan River,COCPMR,2019-12-18,13:50,y,n,y,y,n,y,,"book1, east, north, pit, south, up, west"
COCPMR_20200124_1115,CO,Cameron Pass,Michigan River,COCPMR,2020-01-24,11:15,y,n,y,y,y,y,,"book1, east, north, pit, south, up, west"
COCPMR_20200131_1200,CO,Cameron Pass,Michigan River,COCPMR,2020-01-31,12:00,y,n,y,y,y,y,,"book1, east, north, south, up, west"
COCPMR_20200212_1348,CO,Cameron Pass,Michigan River,COCPMR,2020-02-12,13:48,y,n,y,y,y,y,BDG,"book1originial, book1transcribed, east, north, pit, south, up, west"
COCPMR_20200219_1314,CO,Cameron Pass,Michigan River,COCPMR,2020-02-19,13:14,y,n,y,y,y,y,,"book1, east, north, south, up, west"
COCPMR_20200226_0949,CO,Cameron Pass,Michigan River,COCPMR,2020-02-26,09:49,y,n,y,y,y,y,,"book1, east, north, pit, south, up, west"
COCPMR_20200304_1229,CO,Cameron Pass,Michigan River,COCPMR,2020-03-04,12:29,y,n,y,y,y,y,,"112-85cm, 118-112cm, 17-0cm, 61-17cm, 71-61cm, 85-71cm, book1, east, north, south, up, west"
COCPMR_20200311_1200,CO,Cameron Pass,Michigan River,COCPMR,2020-03-11,12:00,y,y,y,y,y,y,,"book1, east, north, pit, south, up, west"
COER12_20200201_1154,CO,East River,Forest 12,COER12,2020-02-01,11:54,y,n,y,y,n,n,,"book1, book2"
COER12_20200201_1232,CO,East River,Forest 12,COER12,2020-02-01,12:32,y,n,y,y,n,n,,"book1, book2"
COER12_20200201_1305,CO,East River,Forest 12,COER12,2020-02-01,13:05,y,n,y,y,n,n,,"book1, book2"
COER12_20200226_1226,CO,East River,Forest 12,COER12,2020-02-26,12:26,y,n,y,y,n,n,,book1
COER12_20200226_1241,CO,East River,Forest 12,COER12,2020-02-26,12:41,y,n,y,y,n,n,,book1
COER12_20200226_1242,CO,East River,Forest 12,COER12,2020-02-26,12:42,y,n,y,y,n,n,BDG,book1
COER12_20200428_1400,CO,East River,Forest 12,COER12,2020-04-28,14:00,y,n,y,y,n,n,,"book1, book2"
COER12_20200428_1415,CO,East River,Forest 12,COER12,2020-04-28,14:15,y,n,y,y,n,n,,"book1, book2"
COER12_20200428_1445,CO,East River,Forest 12,COER12,2020-04-28,14:45,y,n,y,y,n,n,STCom,"book1, book2"
COER12_20200512_1030,CO,East River,Forest 12,COER12,2020-05-12,10:30,y,n,y,y,n,n,,"book1, book2"
COER12_20200512_1045,CO,East River,Forest 12,COER12,2020-05-12,10:45,y,n,y,y,n,n,,"book1, book2"
COER12_20200512_1100,CO,East River,Forest 12,COER12,2020-05-12,11:00,y,n,y,y,n,n,,"book1, book2"
COER13_20200226_1115,CO,East River,Forest 13,COER13,2020-02-26,11:15,y,n,y,y,n,n,BDG,"book1, book2"
COER13_20200226_1130,CO,East River,Forest 13,COER13,2020-02-26,11:30,y,n,y,y,n,n,,"book1, book2"
COER13_20200226_1155,CO,East River,Forest 13,COER13,2020-02-26,11:55,y,n,y,y,n,n,BDG,book1
COER13_20200428_1230,CO,East River,Forest 13,COER13,2020-04-28,12:30,y,n,y,y,n,n,,"book1, book2"
COER13_20200428_1245,CO,East River,Forest 13,COER13,2020-04-28,12:45,y,n,y,y,n,n,STCom,"book1, book2"
COER13_20200428_1300,CO,East River,Forest 13,COER13,2020-04-28,13:00,y,n,y,y,n,n,STCom,book1
COER13_20200512_1115,CO,East River,Forest 13,COER13,2020-05-12,11:15,y,n,y,y,n,n,,"book1, book2"
COER13_20200512_1130,CO,East River,Forest 13,COER13,2020-05-12,11:30,y,n,y,y,n,n,,"book1, book2"
COER13_20200512_1200,CO,East River,Forest 13,COER13,2020-05-12,12:00,y,n,y,y,n,n,,"book1, book2"
COER14_20200201_1040,CO,East River,Forest 14,COER14,2020-02-01,10:40,y,n,y,y,n,n,BDG,"book1, book2"
COER14_20200201_1300,CO,East River,Forest 14,COER14,2020-02-01,13:00,y,n,n,y,n,n,,"book1, book2"
COER14_20200201_1350,CO,East River,Forest 14,COER14,2020-02-01,13:50,y,n,y,y,n,n,,"book1, book2"
COER14_20200226_1007,CO,East River,Forest 14,COER14,2020-02-26,10:07,y,n,y,y,n,n,BDG,book1
COER14_20200226_1024,CO,East River,Forest 14,COER14,2020-02-26,10:24,y,n,y,y,n,n,BDG,"book1, book2"
COER14_20200226_1040,CO,East River,Forest 14,COER14,2020-02-26,10:40,y,n,y,y,n,n,BDG,"book1, book2"
COER14_20200428_1015,CO,East River,Forest 14,COER14,2020-04-28,10:15,y,n,y,y,n,n,,"book1, book2"
COER14_20200428_1045,CO,East River,Forest 14,COER14,2020-04-28,10:45,y,n,y,y,n,n,STCom,"book1, book2"
COER14_20200428_1115,CO,East River,Forest 14,COER14,2020-04-28,11:15,y,n,y,y,n,n,STCom,"book1, book2"
COER14_20200512_1230,CO,East River,Forest 14,COER14,2020-05-12,12:30,y,n,y,y,n,n,,"book1, book2"
COER14_20200512_1300,CO,East River,Forest 14,COER14,2020-05-12,13:00,y,n,y,y,n,n,,"book1, book2"
COER14_20200512_1330,CO,East River,Forest 14,COER14,2020-05-12,13:30,y,n,y,y,n,n,,"book1, book2"
COERO2_20200201_0950,CO,East River,Open 2,COERO2,2020-02-01,09:50,y,n,y,y,n,n,BDG,book1
COERO2_20200201_1120,CO,East River,Open 2,COERO2,2020-02-01,11:20,y,n,y,y,n,n,,book1
COERO2_20200201_1220,CO,East River,Open 2,COERO2,2020-02-01,12:20,y,n,y,y,n,n,BDG,book1
COERO2_20200226_1000,CO,East River,Open 2,COERO2,2020-02-26,10:00,y,n,y,y,n,n,,book1
COERO2_20200226_1018,CO,East River,Open 2,COERO2,2020-02-26,10:18,y,n,y,y,n,n,BDG,book1
COERO2_20200226_1120,CO,East River,Open 2,COERO2,2020-02-26,11:20,y,n,y,y,n,n,BDG,book1
COERO2_20200427_1145,CO,East River,Open 2,COERO2,2020-04-27,11:45,y,n,y,y,n,y,,"book1, book2"
COERO2_20200427_1215,CO,East River,Open 2,COERO2,2020-04-27,12:15,y,n,y,y,n,y,,"book1, book2"
COERO2_20200427_1245,CO,East River,Open 2,COERO2,2020-04-27,12:45,y,n,y,y,n,y,,"book1, book2"
COERO4_20200201_1000,CO,East River,Open 4,COERO4,2020-02-01,10:00,y,n,y,y,n,n,,"book1, book2"
COERO4_20200201_1115,CO,East River,Open 4,COERO4,2020-02-01,11:15,y,n,y,y,n,n,BDG,"book1, book2"
COERO4_20200201_1215,CO,East River,Open 4,COERO4,2020-02-01,12:15,y,n,y,y,n,n,BDG,"book1, book2"
COERO4_20200226_1230,CO,East River,Open 4,COERO4,2020-02-26,12:30,y,n,y,y,n,n,BDG,book1
COERO4_20200226_1330,CO,East River,Open 4,COERO4,2020-02-26,13:30,y,n,y,n,n,n,BDG,book1
COERO4_20200226_1425,CO,East River,Open 4,COERO4,2020-02-26,14:25,y,n,y,y,n,n,,book1
COERO4_20200428_0830,CO,East River,Open 4,COERO4,2020-04-28,08:30,y,n,y,y,n,n,,"book1, book2"
COERO4_20200428_0900,CO,East River,Open 4,COERO4,2020-04-28,09:00,y,n,y,y,n,n,,"book1, book2"
COERO4_20200428_0915,CO,East River,Open 4,COERO4,2020-04-28,09:15,y,n,y,y,n,n,,"book1, book2"
COERO4_20200513_0845,CO,East River,Open 4,COERO4,2020-05-13,08:45,y,n,y,y,n,n,BDG,"book1, book2"
COERO4_20200513_0900,CO,East River,Open 4,COERO4,2020-05-13,09:00,y,n,n,y,n,n,,"book1, book2"
COERO4_20200513_0915,CO,East River,Open 4,COERO4,2020-05-13,09:15,y,n,n,y,n,n,BDG,"book1, book2"
COERO6_20200201_1400,CO,East River,Open 6,COERO6,2020-02-01,14:00,y,n,y,y,n,n,"BDG, STLay",book1
COERO6_20200201_1430,CO,East River,Open 6,COERO6,2020-02-01,14:30,y,n,y,y,n,n,BDG,book1
COERO6_20200201_1500,CO,East River,Open 6,COERO6,2020-02-01,15:00,y,n,y,y,n,n,BDG,"book1, book2"
COERO6_20200226_1428,CO,East River,Open 6,COERO6,2020-02-26,14:28,y,n,y,y,n,n,BDG,book1
COERO6_20200226_1458,CO,East River,Open 6,COERO6,2020-02-26,14:58,y,n,y,n,n,n,BDG,book1
COERO6_20200226_1459,CO,East River,Open 6,COERO6,2020-02-26,14:59,y,n,y,y,n,n,,book1
COERO6_20200427_1345,CO,East River,Open 6,COERO6,2020-04-27,13:45,y,n,y,y,n,n,,"book1, book2"
COERO6_20200427_1430,CO,East River,Open 6,COERO6,2020-04-27,14:30,y,n,y,y,n,y,,"book1, book2"
COERO6_20200427_1445,CO,East River,Open 6,COERO6,2020-04-27,14:45,y,n,y,y,n,y,,"book1, book2"
COERAP_20200201_1524,CO,East River,Aspen,COERAP,2020-02-01,15:24,y,n,y,y,n,n,STCom,"book1, book2"
COERAP_20200201_1550,CO,East River,Aspen,COERAP,2020-02-01,15:50,y,n,y,y,n,n,STCom,"book1, book2"
COERAP_20200201_1610,CO,East River,Aspen,COERAP,2020-02-01,16:10,y,n,y,y,n,n,STCom,"book1, book2"
COERAP_20200226_1550,CO,East River,Aspen,COERAP,2020-02-26,15:50,y,n,y,y,n,n,,"book1, book2"
COERAP_20200226_1600,CO,East River,Aspen,COERAP,2020-02-26,16:00,y,n,y,n,n,n,,book1
COERAP_20200427_0845,CO,East River,Aspen,COERAP,2020-04-27,08:45,y,n,y,y,n,y,,"book1, book2"
COERAP_20200427_0930,CO,East River,Aspen,COERAP,2020-04-27,09:30,y,n,y,y,n,y,,"book1, book2"
COERAP_20200427_1015,CO,East River,Aspen,COERAP,2020-04-27,10:15,y,n,y,y,n,y,,"book1, book2"
COERAP_20200512_1430,CO,East River,Aspen,COERAP,2020-05-12,14:30,y,n,y,y,n,n,MDG,"book1, book2"
COERGT_20191218_1316,CO,East River,Gothic,COERGT,2019-12-18,13:16,y,n,y,y,n,y,,"book1, book2"
COERGT_20200117_1015,CO,East River,Gothic,COERGT,2020-01-17,10:15,y,n,y,y,y,y,AD,"book1, book2, east, north, pit, south, up, west"
COERGT_20200124_1205,CO,East River,Gothic,COERGT,2020-01-24,12:05,y,n,y,y,y,y,,"book1, book2, east, north, pit, south, up, west"
COERGT_20200129_0940,CO,East River,Gothic,COERGT,2020-01-29,09:40,y,n,y,y,y,y,AD,"book1, book2, east, north, pit, south, up, west"
COERGT_20200205_0945,CO,East River,Gothic,COERGT,2020-02-05,09:45,y,n,y,y,y,y,,"book1, book2, east, north, pit, south, up, west"
COERGT_20200212_1400,CO,East River,Gothic,COERGT,2020-02-12,14:00,y,n,y,y,y,y,AD,"book1, book2, east, north, pit, south, up, west"
COERGT_20200219_1500,CO,East River,Gothic,COERGT,2020-02-19,15:00,y,n,y,y,y,y,,"book1, book2, east, north, pit, south, up, west"
COERGT_20200226_1020,CO,East River,Gothic,COERGT,2020-02-26,10:20,y,n,y,y,y,y,AD,"book1, book2, east, north, pit, south, west"
COERGT_20200311_1025,CO,East River,Gothic,COERGT,2020-03-11,10:25,y,n,y,y,y,y,,"book1, book2, east, north, pit, south, up, west"
COERIB_20191219_1110,CO,East River,Irwin Barn,COERIB,2019-12-19,11:10,y,n,y,y,n,y,,"book1, book2, east, north, pit, south, up, west"
COERIB_20200117_1030,CO,East River,Irwin Barn,COERIB,2020-01-17,10:30,y,n,y,y,n,y,,"book1, book2, east, north, pit, south, up, west"
COERIB_20200122_1200,CO,East River,Irwin Barn,COERIB,2020-01-22,12:00,y,n,y,y,y,y,,"book1, book2, east, north, pit, south, up, west"
COERIB_20200129_1145,CO,East River,Irwin Barn,COERIB,2020-01-29,11:45,y,n,y,y,y,y,,"book1, book2, east, north, pit, south, up, west"
COERIB_20200205_1140,CO,East River,Irwin Barn,COERIB,2020-02-05,11:40,y,n,y,y,y,y,,"book1, book2, east, north, pit, south, up, west"
COERIB_20200212_1145,CO,East River,Irwin Barn,COERIB,2020-02-12,11:45,y,n,y,y,y,y,,"book1, book2, east, north, pit, south, up, west"
COERIB_20200219_1130,CO,East River,Irwin Barn,COERIB,2020-02-19,11:30,y,n,y,y,y,y,,"book1, book2, east, north, pit, south, up, west"
COERIB_20200226_1145,CO,East River,Irwin Barn,COERIB,2020-02-26,11:45,y,n,y,y,y,y,,"book1, book2, east, north, pit, south, up, west"
COERIB_20200312_0938,CO,East River,Irwin Barn,COERIB,2020-03-12,09:38,y,y,y,y,y,y,,"book1, book2, east, north, pit, south, up, west"
COERIB_20200408_1042,CO,East River,Irwin Barn,COERIB,2020-04-08,10:42,y,n,y,y,y,y,,"book1, book2"
COERIB_20200422_1130,CO,East River,Irwin Barn,COERIB,2020-04-22,11:30,y,n,y,y,y,y,,"book1, book2"
COERIB_20200506_1132,CO,East River,Irwin Barn,COERIB,2020-05-06,11:32,y,n,y,y,n,y,,"book1, book2"
COERIB_20200520_0930,CO,East River,Irwin Barn,COERIB,2020-05-20,09:30,y,n,y,y,n,y,STLay,"book1, book2"
COERTR_20200202_1030,CO,East River,Trench 13,COERTR,2020-02-02,10:30,y,n,y,y,n,n,BDG,"book1, book2"
COERTR_20200202_1031,CO,East River,Trench 13,COERTR,2020-02-02,10:31,y,n,y,y,n,n,BDG,"book1, book2"
COERTR_20200202_1032,CO,East River,Trench 13,COERTR,2020-02-02,10:32,y,n,y,y,n,n,BDG,"book1, book2"
COERTR_20200202_1033,CO,East River,Trench 13,COERTR,2020-02-02,10:33,y,n,y,y,n,n,BDG,"book1, book2"
COERTR_20200202_1034,CO,East River,Trench 13,COERTR,2020-02-02,10:34,y,n,y,y,n,n,BDG,"book1, book2"
COERUP_20200202_1030,CO,East River,Upper,COERUP,2020-02-02,10:30,y,n,y,y,n,n,BDG,book1
COERUP_20200202_1120,CO,East River,Upper,COERUP,2020-02-02,11:20,y,n,y,y,n,n,"BDG, STCom",book1
COERUP_20200202_1215,CO,East River,Upper,COERUP,2020-02-02,12:15,y,n,y,y,n,n,"BDG, STCom",book1
COERUP_20200226_1310,CO,East River,Upper,COERUP,2020-02-26,13:10,y,n,y,y,n,n,,book1
COERUP_20200226_1330,CO,East River,Upper,COERUP,2020-02-26,13:30,y,n,y,y,n,n,,"book1, book2"
COERUP_20200226_1400,CO,East River,Upper,COERUP,2020-02-26,14:00,y,n,y,y,n,n,,"book1, book2"
COERUP_20200429_1030,CO,East River,Upper,COERUP,2020-04-29,10:30,y,n,y,y,n,n,,"book1, book2"
COERUP_20200429_1115,CO,East River,Upper,COERUP,2020-04-29,11:15,y,n,y,y,n,n,,"book1, book2"
COERUP_20200429_1130,CO,East River,Upper,COERUP,2020-04-29,11:30,y,n,y,y,n,n,,"book1, book2"
COERUP_20200512_0900,CO,East River,Upper,COERUP,2020-05-12,09:00,y,n,y,y,n,n,,"book1, book2"
COERUP_20200512_0930,CO,East River,Upper,COERUP,2020-05-12,09:30,y,n,y,y,n,n,,"book1, book2"
COERUP_20200512_0945,CO,East River,Upper,COERUP,2020-05-12,09:45,y,n,y,y,n,n,,"book1, book2"
COFEJ1_20191024_1243,CO,Fraser Experimental Forest,JPL 1,COFEJ1,2019-10-24,12:43,y,n,y,y,n,n,AD,"book1, book2"
COFEJ1_20191029_1210,CO,Fraser Experimental Forest,JPL 1,COFEJ1,2019-10-29,12:10,y,n,y,y,n,n,AD,"book1, book2"
COFEJ1_20191124_1112,CO,Fraser Experimental Forest,JPL 1,COFEJ1,2019-11-24,11:12,y,n,y,y,n,n,AD,"book1, book2"
COFEJ1_20191203_1208,CO,Fraser Experimental Forest,JPL 1,COFEJ1,2019-12-03,12:08,y,n,y,y,n,n,AD,"book1, book2"
COFEJ1_20191210_1158,CO,Fraser Experimental Forest,JPL 1,COFEJ1,2019-12-10,11:58,y,n,y,y,n,n,AD,"book1, book2"
COFEJ1_20191216_1130,CO,Fraser Experimental Forest,JPL 1,COFEJ1,2019-12-16,11:30,y,n,y,y,y,n,AD,"book1, book2"
COFEJ1_20191219_1100,CO,Fraser Experimental Forest,JPL 1,COFEJ1,2019-12-19,11:00,y,n,y,y,n,n,AD,"book1, book2, east, north, pit, south, up, west"
COFEJ1_20191223_1120,CO,Fraser Experimental Forest,JPL 1,COFEJ1,2019-12-23,11:20,y,n,y,y,n,n,AD,"book1, book2"
COFEJ1_20191230_1115,CO,Fraser Experimental Forest,JPL 1,COFEJ1,2019-12-30,11:15,y,n,y,y,n,n,,"book1, book2"
COFEJ1_20200104_1110,CO,Fraser Experimental Forest,JPL 1,COFEJ1,2020-01-04,11:10,y,n,y,y,n,n,AD,"book1, book2"
COFEJ1_20200119_1040,CO,Fraser Experimental Forest,JPL 1,COFEJ1,2020-01-19,10:40,y,n,y,y,n,n,BDG,"book1, book2"
COFEJ1_20200124_1200,CO,Fraser Experimental Forest,JPL 1,COFEJ1,2020-01-24,12:00,y,n,y,y,n,n,AD,"book1, book2"
COFEJ1_20200131_1030,CO,Fraser Experimental Forest,JPL 1,COFEJ1,2020-01-31,10:30,y,n,y,y,n,n,AD,"book1, book2"
COFEJ1_20200205_1044,CO,Fraser Experimental Forest,JPL 1,COFEJ1,2020-02-05,10:44,y,n,y,y,n,n,,book1
COFEJ1_20200210_1300,CO,Fraser Experimental Forest,JPL 1,COFEJ1,2020-02-10,13:00,y,n,y,y,n,n,AD,"book1, book2, east, north, pit, south, up, west"
COFEJ1_20200212_1342,CO,Fraser Experimental Forest,JPL 1,COFEJ1,2020-02-12,13:42,y,n,y,y,n,n,,"book1, book2, east, north, pit, south, up, west"
COFEJ1_20200221_1105,CO,Fraser Experimental Forest,JPL 1,COFEJ1,2020-02-21,11:05,y,n,y,y,n,n,AD,"book1, book2, east, north, pit, south, up, west"
COFEJ1_20200226_1208,CO,Fraser Experimental Forest,JPL 1,COFEJ1,2020-02-26,12:08,y,n,y,y,n,n,AD,"book1, book2"
COFEJ1_20200304_1220,CO,Fraser Experimental Forest,JPL 1,COFEJ1,2020-03-04,12:20,y,n,y,y,n,n,"BDG, AD","book1, book2"
COFEJ1_20200311_0915,CO,Fraser Experimental Forest,JPL 1,COFEJ1,2020-03-11,09:15,y,y,y,y,n,n,AD,"book1, book2, east, north, pit, south, west"
COFEJ1_20200318_1440,CO,Fraser Experimental Forest,JPL 1,COFEJ1,2020-03-18,14:40,y,n,y,y,n,n,AD,book1
COFEJ2_20191024_1322,CO,Fraser Experimental Forest,JPL 2,COFEJ2,2019-10-24,13:22,y,n,y,y,n,n,AD,"book1, book2"
COFEJ2_20191029_1254,CO,Fraser Experimental Forest,JPL 2,COFEJ2,2019-10-29,12:54,y,n,y,y,n,n,AD,"book1, book2"
COFEJ2_20191124_1155,CO,Fraser Experimental Forest,JPL 2,COFEJ2,2019-11-24,11:55,y,n,y,y,n,n,AD,"book1, book2"
COFEJ2_20191203_1310,CO,Fraser Experimental Forest,JPL 2,COFEJ2,2019-12-03,13:10,y,n,y,y,n,n,AD,"book1, book2"
COFEJ2_20191210_1245,CO,Fraser Experimental Forest,JPL 2,COFEJ2,2019-12-10,12:45,y,n,y,y,n,n,AD,"book1, book2"
COFEJ2_20191216_1232,CO,Fraser Experimental Forest,JPL 2,COFEJ2,2019-12-16,12:32,y,n,y,y,n,n,,"book1, book2"
COFEJ2_20191230_1227,CO,Fraser Experimental Forest,JPL 2,COFEJ2,2019-12-30,12:27,y,n,y,y,n,n,,"book1, book2"
COFEJ2_20200104_1200,CO,Fraser Experimental Forest,JPL 2,COFEJ2,2020-01-04,12:00,y,n,y,y,n,n,,"book1, book2"
COFEJ2_20200108_1208,CO,Fraser Experimental Forest,JPL 2,COFEJ2,2020-01-08,12:08,y,n,y,y,n,n,,"book1, book2"
COFEJ2_20200119_1140,CO,Fraser Experimental Forest,JPL 2,COFEJ2,2020-01-19,11:40,y,n,y,y,n,n,BDG,"book1, book2"
COFEJ2_20200205_1200,CO,Fraser Experimental Forest,JPL 2,COFEJ2,2020-02-05,12:00,y,n,y,y,n,n,,"book1, book2"
COFEJ2_20200210_1345,CO,Fraser Experimental Forest,JPL 2,COFEJ2,2020-02-10,13:45,y,n,y,y,n,n,"BDG, AD","book1, book2, east, north, pit, south, up, west"
COFEJ2_20200221_1145,CO,Fraser Experimental Forest,JPL 2,COFEJ2,2020-02-21,11:45,y,n,y,y,n,n,AD,"book1, book2, east, north, pit, south, up, west"
COFEJ2_20200304_1320,CO,Fraser Experimental Forest,JPL 2,COFEJ2,2020-03-04,13:20,y,n,y,y,n,n,BDG,"book1, book2"
COFEJ2_20200311_1030,CO,Fraser Experimental Forest,JPL 2,COFEJ2,2020-03-11,10:30,y,y,y,y,n,n,AD,"book1, book2, east, north, pit, south"
COFEJ2_20200318_1400,CO,Fraser Experimental Forest,JPL 2,COFEJ2,2020-03-18,14:00,y,n,y,y,n,n,AD,book1
COFEB1_20191219_1404,CO,Fraser Experimental Forest,SNB 1,COFEB1,2019-12-19,14:04,y,n,y,y,n,n,,"book1, book2, east, north, pit, south"
COFEB1_20200131_1230,CO,Fraser Experimental Forest,SNB 1,COFEB1,2020-01-31,12:30,y,n,y,y,n,n,,"book1, book2"
COFEB1_20200205_1300,CO,Fraser Experimental Forest,SNB 1,COFEB1,2020-02-05,13:00,y,n,y,y,n,n,BDG,"book1, book2"
COFEB1_20200212_1030,CO,Fraser Experimental Forest,SNB 1,COFEB1,2020-02-12,10:30,y,n,y,y,n,n,BDG,"book1, book2, east, north, pit, south, up, west"
COFEB1_20200221_1350,CO,Fraser Experimental Forest,SNB 1,COFEB1,2020-02-21,13:50,y,n,y,y,n,n,,"book1, book2, east, north, pit, south, west"
COFEB1_20200226_1350,CO,Fraser Experimental Forest,SNB 1,COFEB1,2020-02-26,13:50,y,n,y,y,n,n,BDG,"book1, book2"
COFEB1_20200304_1530,CO,Fraser Experimental Forest,SNB 1,COFEB1,2020-03-04,15:30,y,n,y,y,n,n,BDG,"book1, book2"
COFEB1_20200311_1200,CO,Fraser Experimental Forest,SNB 1,COFEB1,2020-03-11,12:00,y,y,y,y,n,n,AD,"book1, book2, east, north, pit, south, west"
COFEB2_20191219_1510,CO,Fraser Experimental Forest,SNB 2,COFEB2,2019-12-19,15:10,y,n,y,y,n,n,AD,"book1, book2, north, up, west"
COFEB2_20200131_1304,CO,Fraser Experimental Forest,SNB 2,COFEB2,2020-01-31,13:04,y,n,y,y,n,n,,"book1, book2"
COFEB2_20200205_1419,CO,Fraser Experimental Forest,SNB 2,COFEB2,2020-02-05,14:19,y,n,y,y,n,n,BDG,"book1, book2"
COFEB2_20200212_1120,CO,Fraser Experimental Forest,SNB 2,COFEB2,2020-02-12,11:20,y,n,y,y,n,n,,"book1, book2, east, north, pit, south, up, west"
COFEB2_20200221_1450,CO,Fraser Experimental Forest,SNB 2,COFEB2,2020-02-21,14:50,y,n,y,y,n,n,AD,"book1, book2, east, north, pit, south, up, west"
COFEB2_20200226_1440,CO,Fraser Experimental Forest,SNB 2,COFEB2,2020-02-26,14:40,y,n,y,y,n,n,,"book1, book2"
COGMCO_20191219_1220,CO,Grand Mesa,County Line Open,COGMCO,2019-12-19,12:20,y,y,y,y,n,n,"STCom, STLay","book1, book2"
COGMCO_20191220_1030,CO,Grand Mesa,County Line Open,COGMCO,2019-12-20,10:30,y,y,y,y,n,y,STLay,"book1, book2"
COGMCO_20200122_1015,CO,Grand Mesa,County Line Open,COGMCO,2020-01-22,10:15,y,y,y,y,y,y,,"book1, book2, east, north, pit, south, up, west"
COGMCO_20200131_0830,CO,Grand Mesa,County Line Open,COGMCO,2020-01-31,08:30,y,y,y,y,y,n,,"book1, book2"
COGMCO_20200212_0852,CO,Grand Mesa,County Line Open,COGMCO,2020-02-12,08:52,y,y,y,y,y,y,,"book1, book2, east, north, pit, south, west"
COGMCO_20200219_0930,CO,Grand Mesa,County Line Open,COGMCO,2020-02-19,09:30,y,y,y,y,y,n,BDG,"book1, book2, east, north, pit, south, up, west"
COGMCO_20200226_0715,CO,Grand Mesa,County Line Open,COGMCO,2020-02-26,07:15,y,y,y,y,y,y,,"book1, book2, east, north, pit, south, up, west"
COGMCO_20200304_0921,CO,Grand Mesa,County Line Open,COGMCO,2020-03-04,09:21,y,y,y,y,n,y,MW,"book1, book2"
COGMCO_20200312_0850,CO,Grand Mesa,County Line Open,COGMCO,2020-03-12,08:50,y,y,y,y,y,y,BDG,"book1, book2, east, north, pit, south, up, west"
COGMCO_20200318_0825,CO,Grand Mesa,County Line Open,COGMCO,2020-03-18,08:25,y,y,y,y,y,y,,"book1, book2, east, north, pit, south, up, west"
COGMCO_20200325_1015,CO,Grand Mesa,County Line Open,COGMCO,2020-03-25,10:15,y,y,y,y,y,y,,"book1, book2"
COGMCO_20200417_1509,CO,Grand Mesa,County Line Open,COGMCO,2020-04-17,15:09,y,y,y,y,n,n,,"book1, book2, east, north, pit, south, up, west"
COGMCT_20191219_1420,CO,Grand Mesa,County Line Tree,COGMCT,2019-12-19,14:20,y,y,y,y,n,y,,"book1, book2"
COGMCT_20200122_1225,CO,Grand Mesa,County Line Tree,COGMCT,2020-01-22,12:25,y,y,y,y,n,y,,"book1, book2, east, north, pit, south, up, west"
COGMCT_20200131_1016,CO,Grand Mesa,County Line Tree,COGMCT,2020-01-31,10:16,y,y,n,y,n,y,,"book1, book2"
COGMCT_20200212_1030,CO,Grand Mesa,County Line Tree,COGMCT,2020-02-12,10:30,y,y,y,y,n,y,,"book1, book2, east, north, pit, south, up, west"
COGMCT_20200219_1115,CO,Grand Mesa,County Line Tree,COGMCT,2020-02-19,11:15,n,y,y,y,n,y,"TDG, MDG, BDG","book1, book2, east, north, pit, south, up, west"
COGMCT_20200226_0855,CO,Grand Mesa,County Line Tree,COGMCT,2020-02-26,08:55,y,y,y,y,n,y,,"book1, book2, east, north, pit, south, up, west"
COGMCT_20200304_1252,CO,Grand Mesa,County Line Tree,COGMCT,2020-03-04,12:52,y,y,y,y,n,y,MW,"book1, book2"
COGMCT_20200312_1030,CO,Grand Mesa,County Line Tree,COGMCT,2020-03-12,10:30,y,y,y,y,n,y,,"book1, book2, east, north, pit, south, up, west"
COGMCT_20200318_1005,CO,Grand Mesa,County Line Tree,COGMCT,2020-03-18,10:05,y,y,y,y,n,y,STLay,"book1, book2, east, north, pit, south, up, west"
COGMCT_20200325_1230,CO,Grand Mesa,County Line Tree,COGMCT,2020-03-25,12:30,y,y,y,y,n,y,BDG,"book1, book2"
COGMWO_20200305_0809,CO,Grand Mesa,Mesa West Open,COGMWO,2020-03-05,08:09,y,y,y,y,n,n,,"book1, book2, east, north, pit, south, up, west"
COGMWO_20200316_0841,CO,Grand Mesa,Mesa West Open,COGMWO,2020-03-16,08:41,y,y,y,y,n,n,,"book1, book2, east, north, pit, south, west"
COGMWO_20200316_1358,CO,Grand Mesa,Mesa West Open,COGMWO,2020-03-16,13:58,y,y,y,y,n,n,,"book1, book2, east, north, pit, south, west"
COGMWO_20200316_1519,CO,Grand Mesa,Mesa West Open,COGMWO,2020-03-16,15:19,y,y,y,y,n,n,,"book1, east, north, pit, south, up, west"
COGMWO_20200331_0934,CO,Grand Mesa,Mesa West Open,COGMWO,2020-03-31,09:34,y,y,y,y,n,n,,"book1, east, north, pit, south, up, west"
COGMWO_20200331_1530,CO,Grand Mesa,Mesa West Open,COGMWO,2020-03-31,15:30,y,y,y,y,n,n,,"book1, book2, pit, up"
COGMWO_20200408_1551,CO,Grand Mesa,Mesa West Open,COGMWO,2020-04-08,15:51,y,y,y,y,n,n,STLay,"book1, book2, east, north, pit, south, up, west"
COGMWO_20200409_0550,CO,Grand Mesa,Mesa West Open,COGMWO,2020-04-09,05:50,y,y,y,y,n,n,STCom ,"book1, book2, east, north, pit, south, up, west"
COGMWO_20200409_1218,CO,Grand Mesa,Mesa West Open,COGMWO,2020-04-09,12:18,y,y,y,y,n,n,,"book1, book2, east, north, pit, south, up, west"
COGMWO_20200409_1615,CO,Grand Mesa,Mesa West Open,COGMWO,2020-04-09,16:15,y,y,y,y,n,n,,"book1, book2, east, north, pit, south, up, west"
COGMWT_20200305_0935,CO,Grand Mesa,Mesa West Trees,COGMWT,2020-03-05,09:35,y,y,y,y,n,n,,"book1, book2, east, north, pit, south, up, west"
COGMWT_20200316_1050,CO,Grand Mesa,Mesa West Trees,COGMWT,2020-03-16,10:50,y,y,y,y,n,n,,"book1, book2, east, north, pit, south, up, west"
COGMWT_20200316_1228,CO,Grand Mesa,Mesa West Trees,COGMWT,2020-03-16,12:28,y,y,y,y,n,n,,"book1, book2, east, north, pit, south, up, west"
COGMWT_20200331_1145,CO,Grand Mesa,Mesa West Trees,COGMWT,2020-03-31,11:45,y,y,y,y,n,n,,"book1, book2, east, north, pit, south, up, west"
COGMWT_20200331_1310,CO,Grand Mesa,Mesa West Trees,COGMWT,2020-03-31,13:10,y,y,y,y,n,n,,"book1, book2, east, north, pit, south, up, west"
COGMWT_20200409_0725,CO,Grand Mesa,Mesa West Trees,COGMWT,2020-04-09,07:25,y,y,y,y,n,n,,"book1, book2, east, north, pit, south, up, west"
COGMWT_20200409_1440,CO,Grand Mesa,Mesa West Trees,COGMWT,2020-04-09,14:40,y,y,y,y,n,n,,"book1, book2, east, north, pit, south, up, west"
COGMSO_20191219_1600,CO,Grand Mesa,Skyway Open,COGMSO,2019-12-19,16:00,y,y,y,y,n,y,,"book1, book2, east, north, pit, south, up, west"
COGMSO_20200122_1455,CO,Grand Mesa,Skyway Open,COGMSO,2020-01-22,14:55,y,y,y,y,y,y,,"book1, book2, east, north, pit, south, west"
COGMSO_20200131_1225,CO,Grand Mesa,Skyway Open,COGMSO,2020-01-31,12:25,y,y,n,y,y,y,,"book1, book2"
COGMSO_20200212_1252,CO,Grand Mesa,Skyway Open,COGMSO,2020-02-12,12:52,y,y,y,y,y,y,,"book1, book2, east, north, pit, south, west"
COGMSO_20200219_1340,CO,Grand Mesa,Skyway Open,COGMSO,2020-02-19,13:40,y,y,y,y,y,y,,"book1, book2, east, north, pit, south, up, west"
COGMSO_20200225_1500,CO,Grand Mesa,Skyway Open,COGMSO,2020-02-25,15:00,y,y,y,y,y,y,,"book1, book2, east, north, pit, south, up, west"
COGMSO_20200304_1550,CO,Grand Mesa,Skyway Open,COGMSO,2020-03-04,15:50,y,y,y,y,y,y,"MW, STLay","book1, book2"
COGMSO_20200306_1705,CO,Grand Mesa,Skyway Open,COGMSO,2020-03-06,17:05,y,y,y,y,n,n,STLay,"book1, book2, east, north, pit, south, up, west"
COGMSO_20200312_1520,CO,Grand Mesa,Skyway Open,COGMSO,2020-03-12,15:20,y,y,y,y,y,y,STLay,"book1, book2, east, north, pit, south, up, west"
COGMSO_20200321_1006,CO,Grand Mesa,Skyway Open,COGMSO,2020-03-21,10:06,y,y,y,y,y,y,,"book1, book2, book3, east, north, pit, south, up, west"
COGMSO_20200328_0900,CO,Grand Mesa,Skyway Open,COGMSO,2020-03-28,09:00,y,y,y,y,n,n,,"book1, book2, east, north, pit, south, up, west"
COGMSO_20200328_1630,CO,Grand Mesa,Skyway Open,COGMSO,2020-03-28,16:30,y,y,y,y,y,y,,"book1, book2"
COGMSO_20200406_0650,CO,Grand Mesa,Skyway Open,COGMSO,2020-04-06,06:50,y,y,y,y,n,n,"STLay
","book1, east, north, pit, south, up, west"
COGMSO_20200406_1600,CO,Grand Mesa,Skyway Open,COGMSO,2020-04-06,16:00,y,y,y,y,n,n,,"book1, east, north, pit, south, up, west"
COGMSO_20200419_1600,CO,Grand Mesa,Skyway Open,COGMSO,2020-04-19,16:00,y,y,y,y,n,n,,"book1, book2, east, north, pit, south, up, west"
COGMSO_20200421_0553,CO,Grand Mesa,Skyway Open,COGMSO,2020-04-21,05:53,y,y,y,y,n,n,,"book1, book2, east, north, pit, south, up, west"
COGMSO_20200421_1626,CO,Grand Mesa,Skyway Open,COGMSO,2020-04-21,16:26,y,y,y,y,n,n,,"book1, book2, east, north, pit, south, up, west"
COGMSO_20200422_1512,CO,Grand Mesa,Skyway Open,COGMSO,2020-04-22,15:12,y,y,y,y,n,n,,"book1, book2, east, north, pit, south, up, west"
COGMSO_20200503_0602,CO,Grand Mesa,Skyway Open,COGMSO,2020-05-03,06:02,y,y,y,y,n,n,,"book1, book2, east, north, pit, south, up, west"
COGMSO_20200503_1610,CO,Grand Mesa,Skyway Open,COGMSO,2020-05-03,16:10,y,y,y,y,n,n,,"book1, book2, east, north, pit, south, up, west"
COGMST_20200122_1655,CO,Grand Mesa,Skyway Tree,COGMST,2020-01-22,16:55,y,y,y,y,n,y,,"book1, book2, east, north, pit, south, up, west"
COGMST_20200131_1423,CO,Grand Mesa,Skyway Tree,COGMST,2020-01-31,14:23,y,y,y,y,n,y,,"book1, book2"
COGMST_20200212_1430,CO,Grand Mesa,Skyway Tree,COGMST,2020-02-12,14:30,y,y,y,y,n,y,,"book1, book2, east, north, pit, south, up, west"
COGMST_20200219_1500,CO,Grand Mesa,Skyway Tree,COGMST,2020-02-19,15:00,y,y,y,y,n,y,,"book1, book2, east, north, pit, south, up, west"
COGMST_20200225_1640,CO,Grand Mesa,Skyway Tree,COGMST,2020-02-25,16:40,y,y,y,y,n,y,,"book1, book2, east, north, pit, south, up, west"
COGMST_20200306_1815,CO,Grand Mesa,Skyway Tree,COGMST,2020-03-06,18:15,y,y,y,n,n,n,"MDG, BDG","east, north, pit, south, up, west"
COGMST_20200312_1345,CO,Grand Mesa,Skyway Tree,COGMST,2020-03-12,13:45,y,y,y,y,n,y,,"book1, book2, east, north, pit, south, up, west"
COGMST_20200321_1155,CO,Grand Mesa,Skyway Tree,COGMST,2020-03-21,11:55,y,y,y,y,n,y,STCom,"book1, book2, east, north, pit, south, up, west"
COGMST_20200328_0715,CO,Grand Mesa,Skyway Tree,COGMST,2020-03-28,07:15,y,y,y,y,n,n,STLay,"book1, book2, east, north, pit, south, up, west"
COGMST_20200328_1430,CO,Grand Mesa,Skyway Tree,COGMST,2020-03-28,14:30,y,y,y,y,n,y,,"book1, book2"
COGMST_20200401_0900,CO,Grand Mesa,Skyway Tree,COGMST,2020-04-01,09:00,y,y,y,y,n,n,,"book1, east, north, pit, south, up, west"
COGMST_20200401_1535,CO,Grand Mesa,Skyway Tree,COGMST,2020-04-01,15:35,y,y,y,y,n,n,,"book1, east, pit, south, up, west"
COGMST_20200418_1217,CO,Grand Mesa,Skyway Tree,COGMST,2020-04-18,12:17,y,y,y,y,n,n,,"book1, book2, east, north, pit, south, up, west"
COGMST_20200421_0726,CO,Grand Mesa,Skyway Tree,COGMST,2020-04-21,07:26,y,y,y,y,n,n,,"book1, book2, east, north, pit, south, up, west"
COGMST_20200421_1507,CO,Grand Mesa,Skyway Tree,COGMST,2020-04-21,15:07,y,y,y,y,n,n,,"book1, book2, east, north, pit, south, up, west"
COGMST_20200422_1618,CO,Grand Mesa,Skyway Tree,COGMST,2020-04-22,16:18,y,y,y,y,n,n,,"book1, book2, east, north, pit, south, up, west"
COGMST_20200503_0653,CO,Grand Mesa,Skyway Tree,COGMST,2020-05-03,06:53,y,y,y,y,n,n,,"book1, book2, east, north, pit, south, up, west"
COGMST_20200503_1732,CO,Grand Mesa,Skyway Tree,COGMST,2020-05-03,17:32,y,y,y,n,n,n,,"book1, book2, east, north, pit, south, up, west"
NMJRBA_20191220_1450,NM,Jemez River,BA Flux Tower,NMJRBA,2019-12-20,14:50,y,y,y,y,n,n,,"book1, book2, east, north, pit, south, up, west"
NMJRBA_20200122_1420,NM,Jemez River,BA Flux Tower,NMJRBA,2020-01-22,14:20,y,n,y,y,n,n,BDG,"book1, book2"
NMJRBA_20200129_1119,NM,Jemez River,BA Flux Tower,NMJRBA,2020-01-29,11:19,y,n,y,y,y,y,,"book1, book2, east, north, pit, south, up"
NMJRBA_20200205_1114,NM,Jemez River,BA Flux Tower,NMJRBA,2020-02-05,11:14,y,n,y,y,y,y,,"book1, book2, east, north, pit, south, west"
NMJRBA_20200212_1337,NM,Jemez River,BA Flux Tower,NMJRBA,2020-02-12,13:37,n,n,n,n,y,y,"TDG, MDG, BDG","book1, book2, east, north, south, up, west"
NMJRBA_20200220_1234,NM,Jemez River,BA Flux Tower,NMJRBA,2020-02-20,12:34,y,n,y,y,y,y,MW,"book1, book2, east, north, pit, south, west"
NMJRBA_20200226_1139,NM,Jemez River,BA Flux Tower,NMJRBA,2020-02-26,11:39,y,n,y,y,y,y,,"book1, book2"
NMJRBA_20200304_1116,NM,Jemez River,BA Flux Tower,NMJRBA,2020-03-04,11:16,y,n,y,y,y,y,"TDG, MW","book1, book2"
NMJRHQ_20191220_1100,NM,Jemez River,HQ Met Station,NMJRHQ,2019-12-20,11:00,y,y,y,y,n,n,BDG,"book1, book2, east, north, pit, south, up, west"
NMJRHQ_20200122_1115,NM,Jemez River,HQ Met Station,NMJRHQ,2020-01-22,11:15,y,y,y,y,y,y,BDG,"book1, book2, east, north, pit, south, west"
NMJRHQ_20200129_1026,NM,Jemez River,HQ Met Station,NMJRHQ,2020-01-29,10:26,y,y,y,y,y,y,,"book1, book2, east, north, pit, south, up, west"
NMJRHQ_20200205_1100,NM,Jemez River,HQ Met Station,NMJRHQ,2020-02-05,11:00,y,y,y,y,y,y,,"book1, book2, east, north, pit, south, up, west"
NMJRHQ_20200212_1305,NM,Jemez River,HQ Met Station,NMJRHQ,2020-02-12,13:05,y,y,y,y,y,y,,"book1, book2, east, north, pit, south, up, west"
NMJRHQ_20200220_1156,NM,Jemez River,HQ Met Station,NMJRHQ,2020-02-20,11:56,y,y,y,y,y,y,MW,"book1, book2, east, north, pit, south, up, west"
NMJRHQ_20200226_1157,NM,Jemez River,HQ Met Station,NMJRHQ,2020-02-26,11:57,y,y,y,y,y,y,MW,"book1, book2"
NMJRHQ_20200304_1105,NM,Jemez River,HQ Met Station,NMJRHQ,2020-03-04,11:05,y,y,y,y,y,y,"MW, AD","book1, book2"
UTLCAC_20200124_1222,UT,Little Cottonwood Canyon,Alta Collins,UTLCAC,2020-01-24,12:22,y,n,y,y,n,n,BDG,"book1, book2, pit"
UTLCAC_20200131_1130,UT,Little Cottonwood Canyon,Alta Collins,UTLCAC,2020-01-31,11:30,y,n,y,y,n,y,STCom,"book1, book2"
UTLCAC_20200213_1345,UT,Little Cottonwood Canyon,Alta Collins,UTLCAC,2020-02-13,13:45,y,n,y,y,n,y,MDG,"book1, east, north, pit, pit2, south, up, west"
UTLCAC_20200220_1400,UT,Little Cottonwood Canyon,Alta Collins,UTLCAC,2020-02-20,14:00,y,n,y,y,n,y,,"book1, book2, book3"
UTLCAC_20200227_1000,UT,Little Cottonwood Canyon,Alta Collins,UTLCAC,2020-02-27,10:00,y,n,y,y,n,y,,"book1, book2"
UTLCAC_20200305_1100,UT,Little Cottonwood Canyon,Alta Collins,UTLCAC,2020-03-05,11:00,y,n,y,y,n,y,MDG,"book1, book2"
UTLCAC_20200312_0930,UT,Little Cottonwood Canyon,Alta Collins,UTLCAC,2020-03-12,09:30,y,n,y,y,n,y,,"book1, book2, east, north, pit, south, up, west"
UTLCAW_20200124_1100,UT,Little Cottonwood Canyon,Atwater,UTLCAW,2020-01-24,11:00,y,n,y,y,n,y,,"book1, book2, pit"
UTLCAW_20200131_1200,UT,Little Cottonwood Canyon,Atwater,UTLCAW,2020-01-31,12:00,y,n,y,y,n,n,,"book1, pit"
UTLCAW_20200213_1510,UT,Little Cottonwood Canyon,Atwater,UTLCAW,2020-02-13,15:10,y,n,y,y,n,n,,"book1, book2"
UTLCAW_20200220_1350,UT,Little Cottonwood Canyon,Atwater,UTLCAW,2020-02-20,13:50,y,n,y,y,n,y,,"book1, east, north, pit, south, up, west"
UTLCAW_20200227_1145,UT,Little Cottonwood Canyon,Atwater,UTLCAW,2020-02-27,11:45,y,n,y,y,n,y,STCom,"book1, book2, east, north, pit, pit2, pit3, pit4, south, up, west"
UTLCAW_20200305_1230,UT,Little Cottonwood Canyon,Atwater,UTLCAW,2020-03-05,12:30,y,n,y,y,n,y,MDG,"book1, book2, east, north, pit, south, west"
UTLCAW_20200312_1248,UT,Little Cottonwood Canyon,Atwater,UTLCAW,2020-03-12,12:48,y,n,y,y,n,y,,"book1, book2, east, north, pit, pit2, south, up, west"
CAMLCP_20191218_1108,CA,Mammoth Lakes,CUES,CAMLCP,2019-12-18,11:08,y,n,y,y,n,n,AD,"book1, east, north, pit, south, up, west"
CAMLCP_20200122_1000,CA,Mammoth Lakes,CUES,CAMLCP,2020-01-22,10:00,y,y,y,y,n,n,AD,"book1, east, north, pit, south, up, west"
CAMLCP_20200129_0950,CA,Mammoth Lakes,CUES,CAMLCP,2020-01-29,09:50,y,n,y,y,n,n,AD,"book1, east, north, pit, south, up, west"
CAMLCP_20200206_1335,CA,Mammoth Lakes,CUES,CAMLCP,2020-02-06,13:35,y,y,y,y,n,n,AD,"book1, east, north, pit, south, up, west"
CAMLCP_20200212_1015,CA,Mammoth Lakes,CUES,CAMLCP,2020-02-12,10:15,n,n,y,y,n,n,AD,"book1, east, north, pit, south, up, west"
CAMLCP_20200219_1005,CA,Mammoth Lakes,CUES,CAMLCP,2020-02-19,10:05,y,n,y,y,n,n,AD,"book1, east, north, pit, south, west"
CAMLCP_20200226_0954,CA,Mammoth Lakes,CUES,CAMLCP,2020-02-26,09:54,y,n,y,y,n,n,AD,"book1, east, north, pit, south, up, west"
CAMLCP_20200304_1028,CA,Mammoth Lakes,CUES,CAMLCP,2020-03-04,10:28,y,n,y,y,n,n,"STLay, AD","book1, east, north, pit, south, up, west"
CAMLCP_20200311_0908,CA,Mammoth Lakes,CUES,CAMLCP,2020-03-11,09:08,y,n,y,y,n,n,AD,"book1, east, north, pit, south, up, west"
CAMLPD_20191218_1128,CA,Mammoth Lakes,Panorama Dome,CAMLPD,2019-12-18,11:28,y,y,y,y,n,n,AD,"book1, book2, east, north, pit, south, up, west"
CAMLPD_20200124_0945,CA,Mammoth Lakes,Panorama Dome,CAMLPD,2020-01-24,09:45,y,y,y,y,n,n,"BDG, STLay, AD","book1, book2"
CAMLPD_20200129_1030,CA,Mammoth Lakes,Panorama Dome,CAMLPD,2020-01-29,10:30,y,y,y,y,n,n,"STCom, AD",book1
CAMLPD_20200205_1000,CA,Mammoth Lakes,Panorama Dome,CAMLPD,2020-02-05,10:00,y,y,y,y,n,n,AD,"book1, east, north, pit, south, up, west"
CAMLPD_20200212_1029,CA,Mammoth Lakes,Panorama Dome,CAMLPD,2020-02-12,10:29,y,y,y,y,n,n,AD,"book1, north, pit, pit2, south, west"
CAMLPD_20200219_1015,CA,Mammoth Lakes,Panorama Dome,CAMLPD,2020-02-19,10:15,y,y,y,y,n,n,"TDG, STCom, AD","book1, east, north, pit, south, up, west"
CONWC1_20191218_0915,CO,Niwot Ridge,C1,CONWC1,2019-12-18,09:15,y,n,y,y,n,y,,"book1, book2, east, north, pit, south, up, west"
CONWC1_20200122_1145,CO,Niwot Ridge,C1,CONWC1,2020-01-22,11:45,y,n,y,y,y,y,MW,"book1, book2"
CONWC1_20200129_1020,CO,Niwot Ridge,C1,CONWC1,2020-01-29,10:20,y,n,y,y,y,y,AD,"book1, book2, east, north, other, pit, pit2, south"
CONWC1_20200205_1020,CO,Niwot Ridge,C1,CONWC1,2020-02-05,10:20,y,n,y,y,y,y,,book1
CONWC1_20200212_0910,CO,Niwot Ridge,C1,CONWC1,2020-02-12,09:10,y,n,y,y,y,n,,"book1, book2, east, north, pit1, pit2, south, west"
CONWC1_20200219_0930,CO,Niwot Ridge,C1,CONWC1,2020-02-19,09:30,y,n,y,y,y,y,AD,"book1, book2, pit1, pit2, up"
CONWC1_20200226_0820,CO,Niwot Ridge,C1,CONWC1,2020-02-26,08:20,y,n,y,y,y,y,AD,"book1, book2, pit"
CONWC1_20200304_0903,CO,Niwot Ridge,C1,CONWC1,2020-03-04,09:03,y,y,y,y,y,y,STCom,"book1, book2"
CONWC1_20200311_0716,CO,Niwot Ridge,C1,CONWC1,2020-03-11,07:16,y,y,y,y,y,y,AD,"book1, book2"
CONWFF_20200122_1010,CO,Niwot Ridge,Forest Flat,CONWFF,2020-01-22,10:10,y,n,y,y,n,n,,"book1, book2"
CONWFF_20200122_1020,CO,Niwot Ridge,Forest Flat,CONWFF,2020-01-22,10:20,y,n,y,y,n,n,BDG,"book1, book2"
CONWFF_20200122_1025,CO,Niwot Ridge,Forest Flat,CONWFF,2020-01-22,10:25,y,n,y,y,n,n,,book1
CONWFF_20200212_1110,CO,Niwot Ridge,Forest Flat,CONWFF,2020-02-12,11:10,y,n,y,y,n,n,STCom,book1
CONWFF_20200212_1145,CO,Niwot Ridge,Forest Flat,CONWFF,2020-02-12,11:45,y,n,y,y,n,n,"STCom, AD",book1
CONWFF_20200311_0900,CO,Niwot Ridge,Forest Flat,CONWFF,2020-03-11,09:00,y,n,y,y,n,n,STCom,"book1, book2"
CONWFF_20200311_0920,CO,Niwot Ridge,Forest Flat,CONWFF,2020-03-11,09:20,y,n,y,y,n,n,,"book1, book2"
CONWFF_20200311_0945,CO,Niwot Ridge,Forest Flat,CONWFF,2020-03-11,09:45,y,n,y,y,n,n,,"book1, book2"
CONWFF_20200422_1310,CO,Niwot Ridge,Forest Flat,CONWFF,2020-04-22,13:10,y,n,y,y,n,n,,"book1, book2"
CONWFF_20200513_0930,CO,Niwot Ridge,Forest Flat,CONWFF,2020-05-13,09:30,y,n,y,y,n,n,,"book1, book2"
CONWFF_20200513_0955,CO,Niwot Ridge,Forest Flat,CONWFF,2020-05-13,09:55,y,n,y,y,n,n,STCom,"book1, book2"
CONWFF_20200513_1030,CO,Niwot Ridge,Forest Flat,CONWFF,2020-05-13,10:30,y,n,y,y,n,n,BDG,"book1, book2"
CONWFN_20200122_1230,CO,Niwot Ridge,Forest North,CONWFN,2020-01-22,12:30,y,n,y,y,n,n,BDG,"book1, book2"
CONWFN_20200122_1231,CO,Niwot Ridge,Forest North,CONWFN,2020-01-22,12:31,y,n,y,y,n,n,,"book1, book2"
CONWFN_20200122_1245,CO,Niwot Ridge,Forest North,CONWFN,2020-01-22,12:45,y,n,y,y,n,n,BDG,"book1, book2"
CONWFN_20200212_1335,CO,Niwot Ridge,Forest North,CONWFN,2020-02-12,13:35,y,n,y,y,n,n,,book1
CONWFN_20200311_1100,CO,Niwot Ridge,Forest North,CONWFN,2020-03-11,11:00,y,n,y,y,n,n,STCom,"book1, book2"
CONWFN_20200311_1101,CO,Niwot Ridge,Forest North,CONWFN,2020-03-11,11:01,y,n,y,y,n,n,BDG,"book1, book2"
CONWFN_20200311_1130,CO,Niwot Ridge,Forest North,CONWFN,2020-03-11,11:30,y,n,y,y,n,n,STCom,"book1, book2"
CONWFN_20200513_0944,CO,Niwot Ridge,Forest North,CONWFN,2020-05-13,09:44,y,n,y,y,n,n,,"book1, book2"
CONWFN_20200513_1000,CO,Niwot Ridge,Forest North,CONWFN,2020-05-13,10:00,y,n,y,y,n,n,BDG,book1
CONWFN_20200513_1024,CO,Niwot Ridge,Forest North,CONWFN,2020-05-13,10:24,y,n,y,y,n,n,BDG,"book1, book2"
CONWFN_20200513_1048,CO,Niwot Ridge,Forest North,CONWFN,2020-05-13,10:48,y,n,y,y,n,n,BDG,"book1, book2"
CONWFS_20200122_1400,CO,Niwot Ridge,Forest South,CONWFS,2020-01-22,14:00,y,n,y,y,n,n,STCom,"book1, book2"
CONWFS_20200122_1405,CO,Niwot Ridge,Forest South,CONWFS,2020-01-22,14:05,y,n,y,y,n,n,,"book1, book2"
CONWFS_20200122_1406,CO,Niwot Ridge,Forest South,CONWFS,2020-01-22,14:06,y,n,y,y,n,n,BDG,"book1, book2"
CONWFS_20200212_1040,CO,Niwot Ridge,Forest South,CONWFS,2020-02-12,10:40,y,n,y,y,n,n,STCom,"book1, book2"
CONWFS_20200212_1100,CO,Niwot Ridge,Forest South,CONWFS,2020-02-12,11:00,y,n,y,y,n,n,STCom,"book1, book2"
CONWFS_20200212_1108,CO,Niwot Ridge,Forest South,CONWFS,2020-02-12,11:08,y,n,y,y,n,n,,"book1, book2"
CONWFS_20200311_0930,CO,Niwot Ridge,Forest South,CONWFS,2020-03-11,09:30,y,n,y,y,n,n,,"book1, book2"
CONWFS_20200311_0931,CO,Niwot Ridge,Forest South,CONWFS,2020-03-11,09:31,y,n,y,y,n,n,,"book1, book2"
CONWFS_20200311_1010,CO,Niwot Ridge,Forest South,CONWFS,2020-03-11,10:10,y,n,y,y,n,n,,"book1, book2"
CONWFS_20200513_0915,CO,Niwot Ridge,Forest South,CONWFS,2020-05-13,09:15,y,n,y,y,n,n,,"book1, book2"
CONWFS_20200513_0930,CO,Niwot Ridge,Forest South,CONWFS,2020-05-13,09:30,y,n,y,y,n,n,,"book1, book2"
CONWFS_20200513_0945,CO,Niwot Ridge,Forest South,CONWFS,2020-05-13,09:45,y,n,y,y,n,n,,"book1, book2"
CONWFS_20200513_1000,CO,Niwot Ridge,Forest South,CONWFS,2020-05-13,10:00,y,n,y,y,n,n,,"book1, book2"
CONWOF_20200122_1100,CO,Niwot Ridge,Open Flat,CONWOF,2020-01-22,11:00,y,n,y,y,n,n,STCom,"book1, book2"
CONWOF_20200122_1115,CO,Niwot Ridge,Open Flat,CONWOF,2020-01-22,11:15,y,n,y,y,n,n,,"book1, book2"
CONWOF_20200122_1140,CO,Niwot Ridge,Open Flat,CONWOF,2020-01-22,11:40,y,n,y,y,n,n,,"book1, book2"
CONWOF_20200212_1254,CO,Niwot Ridge,Open Flat,CONWOF,2020-02-12,12:54,y,n,y,y,n,n,BDG,"book1, book2"
CONWOF_20200212_1300,CO,Niwot Ridge,Open Flat,CONWOF,2020-02-12,13:00,y,n,y,y,n,n,,"book1, book2"
CONWOF_20200212_1310,CO,Niwot Ridge,Open Flat,CONWOF,2020-02-12,13:10,y,n,y,y,n,n,,"book1, book2"
CONWOF_20200311_1100,CO,Niwot Ridge,Open Flat,CONWOF,2020-03-11,11:00,y,n,y,y,n,n,BDG,"book1, book2"
CONWOF_20200311_1118,CO,Niwot Ridge,Open Flat,CONWOF,2020-03-11,11:18,y,n,y,y,n,n,,"book1, book2"
CONWOF_20200311_1145,CO,Niwot Ridge,Open Flat,CONWOF,2020-03-11,11:45,y,n,y,y,n,n,,"book1, book2"
CONWOF_20200422_1054,CO,Niwot Ridge,Open Flat,CONWOF,2020-04-22,10:54,y,n,y,y,n,n,BDG,"book1, book2"
CONWOF_20200422_1155,CO,Niwot Ridge,Open Flat,CONWOF,2020-04-22,11:55,y,n,y,y,n,n,"MDG, BDG","book1, book2"
CONWOF_20200513_1050,CO,Niwot Ridge,Open Flat,CONWOF,2020-05-13,10:50,y,n,y,y,n,n,,"book1, book2"
CONWOF_20200513_1105,CO,Niwot Ridge,Open Flat,CONWOF,2020-05-13,11:05,y,n,y,y,n,n,BDG,"book1, book2"
CONWOF_20200513_1115,CO,Niwot Ridge,Open Flat,CONWOF,2020-05-13,11:15,y,n,y,y,n,n,,book1
CONWOF_20200513_1130,CO,Niwot Ridge,Open Flat,CONWOF,2020-05-13,11:30,y,n,y,y,n,n,,"book1, book2"
CONWSA_20191218_1300,CO,Niwot Ridge,Saddle,CONWSA,2019-12-18,13:00,y,n,y,y,n,y,,"book1, book2"
CONWSA_20200129_1030,CO,Niwot Ridge,Saddle,CONWSA,2020-01-29,10:30,y,n,y,y,y,y,,book1
CONWSA_20200205_1145,CO,Niwot Ridge,Saddle,CONWSA,2020-02-05,11:45,y,n,y,y,n,y,,"book1, book2, east, north, south, west"
CONWSA_20200212_1045,CO,Niwot Ridge,Saddle,CONWSA,2020-02-12,10:45,n,n,y,y,n,y,"TDG, MDG, BDG","book1, book2"
CONWSA_20200219_1032,CO,Niwot Ridge,Saddle,CONWSA,2020-02-19,10:32,y,n,y,y,y,y,,"book1, book2, east, north, south, up, west"
CONWSA_20200226_1016,CO,Niwot Ridge,Saddle,CONWSA,2020-02-26,10:16,y,n,y,y,y,y,BDG,"book1, book2, east, north, pit, south, west"
CONWSA_20200304_1006,CO,Niwot Ridge,Saddle,CONWSA,2020-03-04,10:06,y,n,y,y,y,y,,"book1, book2, east, north, pit, pit2, south, west"
CASHFO_20191220_1231,CA,Sagehen Creek,Forest,CASHFO,2019-12-20,12:31,y,y,y,y,n,y,MW,"book1, east, north, pit, south, up, west"
CASHFO_20200129_1053,CA,Sagehen Creek,Forest,CASHFO,2020-01-29,10:53,y,y,y,y,y,y,TDG,"book1, east, north, pit, south, up, west"
CASHFO_20200212_0919,CA,Sagehen Creek,Forest,CASHFO,2020-02-12,09:19,y,y,y,y,y,y,TDG,"book1, east, north, pit, south, up, west"
CASHFO_20200219_1000,CA,Sagehen Creek,Forest,CASHFO,2020-02-19,10:00,y,y,y,y,y,y,TDG,"book1, east, north, pit, south, up, west"
CASHFO_20200226_1000,CA,Sagehen Creek,Forest,CASHFO,2020-02-26,10:00,y,y,y,y,y,y,,"book1, east, north, pit, south, up, west"
CASHFO_20200304_0925,CA,Sagehen Creek,Forest,CASHFO,2020-03-04,09:25,y,y,y,y,y,y,,"book1, book2, east, north, pit, south, up, west"
CASHFO_20200311_0823,CA,Sagehen Creek,Forest,CASHFO,2020-03-11,08:23,y,y,y,y,y,y,,"book1, east, north, pit, south, up, west"
CASHOP_20191220_1123,CA,Sagehen Creek,Open,CASHOP,2019-12-20,11:23,y,y,y,y,n,y,,"book1, pit"
CASHOP_20200129_1057,CA,Sagehen Creek,Open,CASHOP,2020-01-29,10:57,y,y,y,y,y,y,,"book1, east, north, pit, south, up, west"
CASHOP_20200212_0938,CA,Sagehen Creek,Open,CASHOP,2020-02-12,09:38,y,y,y,y,y,y,,"book1, east, north, pit, south, up, west"
CASHOP_20200219_1021,CA,Sagehen Creek,Open,CASHOP,2020-02-19,10:21,y,n,y,y,y,y,,"book1, east, north, pit, south, up, west"
CASHOP_20200226_1016,CA,Sagehen Creek,Open,CASHOP,2020-02-26,10:16,y,y,y,y,y,n,,"book1, east, north, pit, south, west"
CASHOP_20200304_0957,CA,Sagehen Creek,Open,CASHOP,2020-03-04,09:57,y,y,y,y,y,y,STCom,"book1, east, north, pit, south, up, west"
CASHOP_20200311_0850,CA,Sagehen Creek,Open,CASHOP,2020-03-11,08:50,y,y,y,y,y,y,,"book1, east, north, pit, south, up, west"
CASHT4_20200129_1415,CA,Sagehen Creek,Tower 4,CASHT4,2020-01-29,14:15,y,y,y,y,n,y,MW,"book1, east, north, pit, south, up, west"
CASHT4_20200212_1050,CA,Sagehen Creek,Tower 4,CASHT4,2020-02-12,10:50,y,y,y,y,y,y,MW,"book1, book2, east, north, pit, south, up, west"
CASHT4_20200219_1230,CA,Sagehen Creek,Tower 4,CASHT4,2020-02-19,12:30,y,y,y,y,y,y,MW,"book1, east, north, pit, south, up, west"
CASHT4_20200226_1201,CA,Sagehen Creek,Tower 4,CASHT4,2020-02-26,12:01,y,n,y,y,y,y,MW,"book1, east, north, pit, south, west"
CASHT4_20200304_1058,CA,Sagehen Creek,Tower 4,CASHT4,2020-03-04,10:58,y,y,y,y,y,y,MW,"book1, east, north, pit, south, up, west"
CASHT4_20200311_1045,CA,Sagehen Creek,Tower 4,CASHT4,2020-03-11,10:45,y,y,y,y,y,y,"MW, STCom","book1, east, north, south, up, west"
COSBSB_20191218_1415,CO,Senator Beck,Senator Beck,COSBSB,2019-12-18,14:15,y,n,y,y,n,y,STCom,"book1, book2, east, north, pit, south, up, west"
COSBSB_20200201_0950,CO,Senator Beck,Senator Beck,COSBSB,2020-02-01,09:50,y,n,y,y,y,y,STCom,"book1, book2, east, north, pit, south, up, west"
COSBSB_20200219_1240,CO,Senator Beck,Senator Beck,COSBSB,2020-02-19,12:40,y,n,y,y,y,y,,"book1, book2, east, north, pit, south, up, west"
COSBSB_20200226_1250,CO,Senator Beck,Senator Beck,COSBSB,2020-02-26,12:50,y,n,y,y,y,y,,"book1, book2, east, north, pit, south, up, west"
COSBSB_20200304_1215,CO,Senator Beck,Senator Beck,COSBSB,2020-03-04,12:15,y,n,y,y,y,y,STCom,"book1, book2, east, north, pit, south, up, west"
COSBSA_20191218_0915,CO,Senator Beck,Swamp Angel,COSBSA,2019-12-18,09:15,y,n,y,y,y,y,,"book1, book2, east, north, pit, south, up, west"
COSBSA_20200122_1235,CO,Senator Beck,Swamp Angel,COSBSA,2020-01-22,12:35,y,n,y,y,y,y,,"book1, book2, east, north, pit, south, up, west"
COSBSA_20200129_1205,CO,Senator Beck,Swamp Angel,COSBSA,2020-01-29,12:05,y,n,y,y,y,y,STLay,"book1, book2, east, north, pit, south, up, west"
COSBSA_20200212_1236,CO,Senator Beck,Swamp Angel,COSBSA,2020-02-12,12:36,y,n,y,y,y,y,,"book1, book2, east, north, pit, south, up, west"
COSBSA_20200219_1446,CO,Senator Beck,Swamp Angel,COSBSA,2020-02-19,14:46,y,n,y,y,y,y,STLay,"book1, book2, east, north, pit, south, up, west"
COSBSA_20200226_1444,CO,Senator Beck,Swamp Angel,COSBSA,2020-02-26,14:44,y,n,y,y,y,y,STLay,"book1, book2, east, north, pit, south, up, west"
COSBSA_20200304_1410,CO,Senator Beck,Swamp Angel,COSBSA,2020-03-04,14:10,y,n,y,y,y,y,"BDG, STLay","book1, book2, east, north, pit, south, up, west"
COSBSA_20200311_1125,CO,Senator Beck,Swamp Angel,COSBSA,2020-03-11,11:25,y,y,y,y,y,y,STCom,"book1, book2, east, north, pit, south, up, west"
