Location,Site,PitID,Date/Local Time,UTM Zone,Easting (m),Northing (m),Latitude (deg),Longitude (deg),Precipitation,Sky,Wind,Ground Condition,Ground Roughness,Ground Vegetation,Depth of Ground Vegetation (cm),Canopy
American,Caples Lake,CAAMCL,2019-12-20T13:00,10N,757217,4288782,38.71029,-120.04186,None,Few (< 1/4 of sky),Moderate,Saturated,Rough,Shrub,15,Sparse (5-20%)
American,Caples Lake,CAAMCL,2020-01-31T12:15,10N,757217,4288782,38.71029,-120.04186,None,Few (< 1/4 of sky),Calm,Frozen,Rough,Shrub,15,Sparse (5-20%)
American,Caples Lake,CAAMCL,2020-02-14T12:00,10N,757217,4288782,38.71029,-120.04186,None,Few (< 1/4 of sky),Light,Moist,Rough,Shrub,10,Sparse (5-20%)
American,Caples Lake,CAAMCL,2020-02-21T12:00,10N,757217,4288782,38.71029,-120.04186,None,Scattered (1/4 - 1/2 of sky),Light,Moist,Rough,Shrub,15,Sparse (5-20%)
American,Caples Lake,CAAMCL,2020-02-28T11:30,10N,757217,4288782,38.71029,-120.04186,None,Broken (> 1/2 of sky),Light,Moist,Rough,Shrub,15,Sparse (5-20%)
American,Caples Lake,CAAMCL,2020-03-06T11:45,10N,757217,4288782,38.71029,-120.04186,None,Few (< 1/4 of sky),Light,Frozen,Rough,Shrub,15,Sparse (5-20%)
American,Caples Lake,CAAMCL,2020-03-13T11:30,10N,757217,4288782,38.71029,-120.04186,None,Clear,Calm,Frozen,Rough,Shrub,10,Sparse (5-20%)
Boise River Basin,Banner Open,IDBRBO,2019-12-18T14:24,11N,640699,4907213,44.30455,-115.23604,None,Overcast(complete cover),Calm,Frozen,Smooth,Grass,3,No Trees
Boise River Basin,Banner Open,IDBRBO,2020-01-09T14:11,11N,640699,4907213,44.30455,-115.23604,None,Few (< 1/4 of sky),Light,Frozen,Smooth,Grass,5,No Trees
Boise River Basin,Banner Open,IDBRBO,2020-01-23T14:30,11N,640699,4907213,44.30455,-115.23604,Very Light,Overcast(complete cover),Calm,Frozen,Smooth,Grass,,No Trees
Boise River Basin,Banner Open,IDBRBO,2020-01-30T13:40,11N,640699,4907213,44.30455,-115.23604,None,Clear,Calm,Frozen,Smooth,Bare | Grass,5,No Trees
Boise River Basin,Banner Open,IDBRBO,2020-02-06T13:00,11N,640699,4907213,44.30455,-115.23604,Light,Overcast(complete cover),Calm,Frozen,Smooth,Grass,5,No Trees
Boise River Basin,Banner Open,IDBRBO,2020-02-13T12:30,11N,640699,4907213,44.30455,-115.23604,None,Clear,Calm,Frozen,Smooth,Grass,10,No Trees
Boise River Basin,Banner Open,IDBRBO,2020-02-19T12:22,11N,640699,4907213,44.30455,-115.23604,None,Clear,Calm,Moist,Smooth,Grass,8,No Trees
Boise River Basin,Banner Open,IDBRBO,2020-02-27T12:40,11N,640699,4907213,44.30455,-115.23604,None,Clear,Calm,Frozen,Smooth,Shrub,8,No Trees
Boise River Basin,Banner Open,IDBRBO,2020-03-05T12:45,11N,640699,4907213,44.30455,-115.23604,None,Few (< 1/4 of sky),Light,Frozen,Smooth,Grass | Shrub,7 | 10,No Trees
Boise River Basin,Banner Open,IDBRBO,2020-03-12T13:15,11N,640699,4907213,44.30455,-115.23604,None,Clear,Calm,Frozen,Smooth,Grass | Shrub,5 | 6,No Trees
Boise River Basin,Banner Snotel,IDBRBS,2019-12-18T10:00,11N,640819,4907111,44.30361,-115.23456,None,Scattered (1/4 - 1/2 of sky),Calm,Frozen,Smooth,Grass,5,Sparse (5-20%)
Boise River Basin,Banner Snotel,IDBRBS,2020-01-09T10:30,11N,640819,4907111,44.30361,-115.23456,Very Light,Few (< 1/4 of sky),Calm,Frozen,Smooth,Grass | Deadfall,5,Sparse (5-20%)
Boise River Basin,Banner Snotel,IDBRBS,2020-01-23T11:00,11N,640819,4907111,44.30361,-115.23456,None,Overcast(complete cover),Calm,Frozen,Smooth,Grass | Deadfall,10,Sparse (5-20%)
Boise River Basin,Banner Snotel,IDBRBS,2020-01-30T12:00,11N,640819,4907111,44.30361,-115.23456,None,Clear,Calm,Frozen,Rough,Grass,5,Sparse (5-20%)
Boise River Basin,Banner Snotel,IDBRBS,2020-02-06T12:00,11N,640819,4907111,44.30361,-115.23456,Light,Overcast(complete cover),Calm,Frozen,Smooth,Bare | Grass,5,Sparse (5-20%)
Boise River Basin,Banner Snotel,IDBRBS,2020-02-13T11:30,11N,640819,4907111,44.30361,-115.23456,None,Clear,Calm,Frozen,Rough,Bare,,Sparse (5-20%)
Boise River Basin,Banner Snotel,IDBRBS,2020-02-19T10:45,11N,640819,4907111,44.30361,-115.23456,None,Clear,Light,Frozen,Smooth,Bare | Grass,5,Sparse (5-20%)
Boise River Basin,Banner Snotel,IDBRBS,2020-02-27T10:30,11N,640819,4907111,44.30361,-115.23456,None,Clear,Calm,Frozen,Smooth,Bare,,Sparse (5-20%)
Boise River Basin,Banner Snotel,IDBRBS,2020-03-05T10:40,11N,640819,4907111,44.30361,-115.23456,None,Few (< 1/4 of sky),Calm,Frozen,Smooth,Bare,,Sparse (5-20%)
Boise River Basin,Banner Snotel,IDBRBS,2020-03-12T11:00,11N,640819,4907111,44.30361,-115.23456,None,Clear,Calm,Frozen,Smooth,Grass,11,Sparse (5-20%)
Boise River Basin,Bogus Upper,IDBRBU,2019-12-19T10:00,11N,573240,4845491,43.75884,-116.09017,Light,Overcast(complete cover),Light,Moist,Smooth,Shrub,8-12,Sparse (5-20%)
Boise River Basin,Bogus Upper,IDBRBU,2020-01-08T11:55,11N,573240,4845491,43.75884,-116.09017,Very Light,Overcast(complete cover),Light,Moist,Rough,Shrub,30-50,Sparse (5-20%)
Boise River Basin,Bogus Upper,IDBRBU,2020-01-16T11:00,11N,573240,4845491,43.75884,-116.09017,None,Broken (> 1/2 of sky),Strong,Frozen,Rough,Grass,,Sparse (5-20%)
Boise River Basin,Bogus Upper,IDBRBU,2020-01-24T13:15,11N,573240,4845491,43.75884,-116.09017,None,Overcast(complete cover),Light,Moist,Smooth,Grass | Shrub,4,Sparse (5-20%)
Boise River Basin,Bogus Upper,IDBRBU,2020-01-31T13:30,11N,573240,4845491,43.75884,-116.09017,None,Overcast(complete cover),Light,Moist,Smooth,Grass,6,Sparse (5-20%)
Boise River Basin,Bogus Upper,IDBRBU,2020-02-07T12:30,11N,573240,4845491,43.75884,-116.09017,None,Overcast(complete cover),Light,Moist,Smooth,Grass | Shrub,5-10,Sparse (5-20%)
Boise River Basin,Bogus Upper,IDBRBU,2020-02-14T12:30,11N,573240,4845491,43.75884,-116.09017,None,Few (< 1/4 of sky),Light,Moist,Smooth,Grass,10,Sparse (5-20%)
Boise River Basin,Bogus Upper,IDBRBU,2020-02-20T11:00,11N,573240,4845491,43.75884,-116.09017,None,Broken (> 1/2 of sky),Moderate,Moist,Smooth,Grass,5,Sparse (5-20%)
Boise River Basin,Bogus Upper,IDBRBU,2020-02-26T14:45,11N,573240,4845491,43.75884,-116.09017,None,Scattered (1/4 - 1/2 of sky),Light,Moist,Smooth,Grass | Shrub,3-5 | 10,Sparse (5-20%)
Boise River Basin,Bogus Upper,IDBRBU,2020-03-04T14:55,11N,573240,4845491,43.75884,-116.09017,None,Few (< 1/4 of sky),Light,Frozen,Smooth,Shrub,14,Sparse (5-20%)
Boise River Basin,Bogus Upper,IDBRBU,2020-03-11T15:00,11N,573240,4845491,43.75884,-116.09017,None,Clear,Light,Moist,Smooth,Shrub,23,Sparse (5-20%)
Boise River Basin,LDP Open,IDBRLO,2020-01-22T15:12,11N,570716,4843040,43.73702,-116.12184,None,Few (< 1/4 of sky),Calm,Frozen,Rough,Shrub,21,No Trees
Boise River Basin,LDP Open,IDBRLO,2020-01-31T09:26,11N,570716,4843040,43.73702,-116.12184,None,Overcast(complete cover),Calm,Frozen,Smooth,Shrub,12,No Trees
Boise River Basin,LDP Open,IDBRLO,2020-02-12T15:19,11N,570716,4843040,43.73702,-116.12184,None,Clear,Light,Frozen,Rough,Shrub,12,No Trees
Boise River Basin,LDP Open,IDBRLO,2020-02-20T08:45,11N,570716,4843040,43.73702,-116.12184,None,Few (< 1/4 of sky),Moderate,Moist,Rough,Shrub,18,No Trees
Boise River Basin,LDP Open,IDBRLO,2020-02-26T09:28,11N,570716,4843040,43.73702,-116.12184,None,Scattered (1/4 - 1/2 of sky),Calm,Moist,Rough,Grass | Shrub,30 | 33,No Trees
Boise River Basin,LDP Open,IDBRLO,2020-03-04T12:10,11N,570716,4843040,43.73702,-116.12184,None,Scattered (1/4 - 1/2 of sky),Light,Saturated,Smooth,Bare,,No Trees
Boise River Basin,LDP Open,IDBRLO,2020-03-11T10:30,11N,570716,4843040,43.73702,-116.12184,None,Few (< 1/4 of sky),Calm,Moist,Rough,Bare,,No Trees
Boise River Basin,LDP Tree,IDBRLT,2020-01-22T13:24,11N,570823,4842965,43.73634,-116.12052,None,Few (< 1/4 of sky),Calm,Moist,Rough,Deadfall,,Closed (>70%)
Boise River Basin,LDP Tree,IDBRLT,2020-01-31T11:15,11N,570823,4842965,43.73634,-116.12052,Very Light,Overcast(complete cover),Calm,Frozen,Rough,Deadfall,10,Closed (>70%)
Boise River Basin,LDP Tree,IDBRLT,2020-02-12T14:00,11N,570823,4842965,43.73634,-116.12052,None,Clear,Light,Frozen,Rough,Shrub,5,Closed (>70%)
Boise River Basin,LDP Tree,IDBRLT,2020-02-20T10:42,11N,570823,4842965,43.73634,-116.12052,None,Few (< 1/4 of sky),Calm,Frozen,Rough,Grass | Shrub,3 | 10,Closed (>70%)
Boise River Basin,LDP Tree,IDBRLT,2020-02-26T11:15,11N,570823,4842965,43.73634,-116.12052,None,Scattered (1/4 - 1/2 of sky),Calm,Moist,Rough,Deadfall,3,Closed (>70%)
Boise River Basin,LDP Tree,IDBRLT,2020-03-04T11:11,11N,570823,4842965,43.73634,-116.12052,None,Broken (> 1/2 of sky),Light,Saturated,Rough,Deadfall,4,Closed (>70%)
Boise River Basin,LDP Tree,IDBRLT,2020-03-11T12:17,11N,570823,4842965,43.73634,-116.12052,None,Clear,Light,Moist,Rough,Deadfall,True,Closed (>70%)
Boise River Basin,Mores Creek Summit,IDBRMC,2020-02-12T11:00,11N,606192,4866876,43.94735,-115.67666,None,Clear,Moderate,Moist,Rough,Grass | Shrub,15,No Trees
Boise River Basin,Mores Creek Summit,IDBRMC,2020-03-11T12:00,11N,606192,4866876,43.94735,-115.67666,None,Clear,Calm,Moist,Rough,Grass | Shrub,15,No Trees
Cameron Pass,Joe Wright,COCPJW,2019-12-18T11:25,13N,424321,4486308,40.52405,-105.89345,None,Clear,Calm,Frozen,Smooth,Grass,15,No Trees
Cameron Pass,Joe Wright,COCPJW,2020-01-24T11:35,13N,424321,4486308,40.52405,-105.89345,None,Overcast(complete cover),Light,Frozen,Smooth,Grass,5,Sparse (5-20%)
Cameron Pass,Joe Wright,COCPJW,2020-01-31T10:00,13N,424321,4486308,40.52405,-105.89345,None,Scattered (1/4 - 1/2 of sky),Light,Frozen,Rough,Grass,1-5,No Trees
Cameron Pass,Joe Wright,COCPJW,2020-02-12T11:08,13N,424321,4486308,40.52405,-105.89345,Light,Overcast(complete cover),Light,Frozen,Rough,Grass,5-10,No Trees
Cameron Pass,Joe Wright,COCPJW,2020-02-19T10:04,13N,424321,4486308,40.52405,-105.89345,None,Broken (> 1/2 of sky),Calm,Frozen,Rough,Grass,5,No Trees
Cameron Pass,Joe Wright,COCPJW,2020-02-26T09:47,13N,424321,4486308,40.52405,-105.89345,None,Clear,Light,Frozen,Rough,Grass,5,No Trees
Cameron Pass,Joe Wright,COCPJW,2020-03-04T09:27,13N,424321,4486308,40.52405,-105.89345,None,Clear,Light,Frozen,Smooth,Grass,5,Sparse (5-20%)
Cameron Pass,Joe Wright,COCPJW,2020-03-11T10:00,13N,424321,4486308,40.52405,-105.89345,Very Light,Broken (> 1/2 of sky),Light,Moist,Smooth,Grass,5,No Trees
Cameron Pass,Michigan River,COCPMR,2019-12-18T13:50,13N,424441,4485707,40.51865,-105.89196,None,Few (< 1/4 of sky),Light,Frozen,Rough,Grass,10,No Trees
Cameron Pass,Michigan River,COCPMR,2020-01-24T11:15,13N,424441,4485707,40.51865,-105.89196,None,Overcast(complete cover),Light,Saturated,Rough,Grass,10,No Trees
Cameron Pass,Michigan River,COCPMR,2020-01-31T12:00,13N,424441,4485707,40.51865,-105.89196,None,Few (< 1/4 of sky),Light,Frozen,Rough,Grass,10,No Trees
Cameron Pass,Michigan River,COCPMR,2020-02-12T13:48,13N,424441,4485707,40.51865,-105.89196,Light,Broken (> 1/2 of sky),Moderate,Moist,Rough,Shrub,30,No Trees
Cameron Pass,Michigan River,COCPMR,2020-02-19T13:14,13N,424441,4485707,40.51865,-105.89196,None,Broken (> 1/2 of sky),Calm,Moist,Rough,Grass | Shrub,10 | 15,No Trees
Cameron Pass,Michigan River,COCPMR,2020-02-26T09:49,13N,424441,4485707,40.51865,-105.89196,None,Few (< 1/4 of sky),Moderate,Frozen,Rough,Grass,30,No Trees
Cameron Pass,Michigan River,COCPMR,2020-03-04T12:29,13N,424441,4485707,40.51865,-105.89196,None,Clear,Light,Frozen,Rough,Shrub,10-20,No Trees
Cameron Pass,Michigan River,COCPMR,2020-03-11T13:00,13N,424441,4485707,40.51865,-105.89196,None,Broken (> 1/2 of sky),Light,Moist,Rough,Shrub,10,No Trees
East River,Gothic,COERGT,2019-12-18T13:16,13N,327531,4314139,38.95925,-106.99052,None,Broken (> 1/2 of sky),Calm,Frozen,Smooth,Bare,,No Trees
East River,Gothic,COERGT,2020-01-17T10:15,13N,327531,4314139,38.95925,-106.99052,Very Light,Overcast(complete cover),Strong,Frozen,Smooth,Bare,,No Trees
East River,Gothic,COERGT,2020-01-24T12:05,13N,327531,4314139,38.95925,-106.99052,None,Scattered (1/4 - 1/2 of sky),Calm,Frozen,Smooth,Bare,False | False,No Trees
East River,Gothic,COERGT,2020-01-29T09:40,13N,327531,4314139,38.95925,-106.99052,None,Scattered (1/4 - 1/2 of sky),Calm,Frozen,Smooth,Bare,,No Trees
East River,Gothic,COERGT,2020-02-05T09:45,13N,327531,4314139,38.95925,-106.99052,None,Scattered (1/4 - 1/2 of sky),Light,Frozen,Smooth,Bare,,No Trees
East River,Gothic,COERGT,2020-02-12T14:00,13N,327531,4314139,38.95925,-106.99052,Light,Overcast(complete cover),Calm,Frozen,Smooth,Bare,,No Trees
East River,Gothic,COERGT,2020-02-19T15:00,13N,327531,4314139,38.95925,-106.99052,None,Overcast(complete cover),Moderate,Frozen,Smooth,Bare,,No Trees
East River,Gothic,COERGT,2020-02-26T10:20,13N,327531,4314139,38.95925,-106.99052,None,Clear,Calm,Frozen,Smooth,Bare,,No Trees
East River,Gothic,COERGT,2020-03-11T11:25,13N,327531,4314139,38.95925,-106.99052,Light,Overcast(complete cover),Calm,Moist,Smooth,Bare,,No Trees
East River,Irwin Barn,COERIB,2019-12-19T11:10,13N,317172,4306473,38.88812,-107.10796,None,Scattered (1/4 - 1/2 of sky),Calm,Frozen,Rough,Grass,3-5,Sparse (5-20%)
East River,Irwin Barn,COERIB,2020-01-17T10:30,13N,317172,4306473,38.88812,-107.10796,Heavy,Overcast(complete cover),Strong,Frozen,Rough,Grass,5-8,Sparse (5-20%)
East River,Irwin Barn,COERIB,2020-01-22T12:00,13N,317172,4306473,38.88812,-107.10796,Light,Overcast(complete cover),Light,Frozen,Rough,Grass,3-10,Sparse (5-20%)
East River,Irwin Barn,COERIB,2020-01-29T11:45,13N,317172,4306473,38.88812,-107.10796,None,Clear,Calm,Frozen,Rough,Grass | Shrub,2-10 | 2-10,Sparse (5-20%)
East River,Irwin Barn,COERIB,2020-02-05T11:40,13N,317172,4306473,38.88812,-107.10796,None,Few (< 1/4 of sky),Calm,Frozen,Rough,Grass,1-10,Sparse (5-20%)
East River,Irwin Barn,COERIB,2020-02-12T11:45,13N,317172,4306473,38.88812,-107.10796,Light,Overcast(complete cover),Light,Frozen,Rough,Grass,1-10,Sparse (5-20%)
East River,Irwin Barn,COERIB,2020-02-19T11:30,13N,317172,4306473,38.88812,-107.10796,None,Few (< 1/4 of sky),Light,Frozen,Rough,Grass | Shrub,5-15 | 5-15,Sparse (5-20%)
East River,Irwin Barn,COERIB,2020-02-26T11:45,13N,317172,4306473,38.88812,-107.10796,None,Clear,Calm,Frozen,Rough,Grass | Shrub,2-8 | 2-8,Sparse (5-20%)
East River,Irwin Barn,COERIB,2020-03-12T10:38,13N,317172,4306473,38.88812,-107.10796,None,Overcast(complete cover),Calm,Moist,Rough,Grass | Shrub,5 | 5,Sparse (5-20%)
East River,Irwin Barn,COERIB,2020-04-08T11:42,13N,317172,4306473,38.88812,-107.10796,None,Clear,Calm,Moist,Rough,Bare,,Sparse (5-20%)
East River,Irwin Barn,COERIB,2020-04-22T12:30,13N,317172,4306473,38.88812,-107.10796,None,Scattered (1/4 - 1/2 of sky),Calm,Moist,Rough,Bare,,Sparse (5-20%)
East River,Irwin Barn,COERIB,2020-05-06T12:32,13N,317172,4306473,38.88812,-107.10796,None,Scattered (1/4 - 1/2 of sky),Calm,Moist,Rough,Shrub,1-3,Sparse (5-20%)
East River,Irwin Barn,COERIB,2020-05-20T10:30,13N,317172,4306473,38.88812,-107.10796,None,Scattered (1/4 - 1/2 of sky),Light,Saturated,Rough,Shrub,3-10,Sparse (5-20%)
Fraser,JPL #1,COFEJ1,2019-10-24T12:43,13N,424539,4417649,39.90557,-105.88281,None,Broken (> 1/2 of sky),Calm,Moist,Smooth,Deadfall,5,No Trees
Fraser,JPL #1,COFEJ1,2019-10-29T12:10,13N,424539,4417649,39.90557,-105.88281,Light,Overcast(complete cover),Light,Frozen,Smooth,Grass,20,No Trees
Fraser,JPL #1,COFEJ1,2019-11-24T11:12,13N,424539,4417649,39.90557,-105.88281,None,Clear,Calm,Frozen,Smooth,Bare,,No Trees
Fraser,JPL #1,COFEJ1,2019-12-03T12:08,13N,424539,4417649,39.90557,-105.88281,None,Overcast(complete cover),Light,Frozen,Smooth,Grass,10,No Trees
Fraser,JPL #1,COFEJ1,2019-12-10T11:58,13N,424539,4417649,39.90557,-105.88281,None,Few (< 1/4 of sky),Calm,Frozen,Rough,Grass,12,No Trees
Fraser,JPL #1,COFEJ1,2019-12-16T11:30,13N,424539,4417649,39.90557,-105.88281,None,Broken (> 1/2 of sky),Light,Frozen,Smooth,Grass,20,No Trees
Fraser,JPL #1,COFEJ1,2019-12-19T11:00,13N,424539,4417649,39.90557,-105.88281,None,Few (< 1/4 of sky),Calm,Frozen,Rough,Grass,20,No Trees
Fraser,JPL #1,COFEJ1,2019-12-23T11:20,13N,424539,4417649,39.90557,-105.88281,None,Few (< 1/4 of sky),Calm,Frozen,Smooth,Grass,9,No Trees
Fraser,JPL #1,COFEJ1,2019-12-30T11:15,13N,424539,4417649,39.90557,-105.88281,None,Clear,Calm,Frozen,Smooth,Grass,10,No Trees
Fraser,JPL #1,COFEJ1,2020-01-04T11:10,13N,424539,4417649,39.90557,-105.88281,None,Broken (> 1/2 of sky),Calm,Frozen,Smooth,Bare,,No Trees
Fraser,JPL #1,COFEJ1,2020-01-19T10:40,13N,424539,4417649,39.90557,-105.88281,Very Light,Overcast(complete cover),Light,Frozen,Smooth,Grass,15,No Trees
Fraser,JPL #1,COFEJ1,2020-01-24T12:00,13N,424539,4417649,39.90557,-105.88281,None,Broken (> 1/2 of sky),Calm,Frozen,Smooth,Grass,20,No Trees
Fraser,JPL #1,COFEJ1,2020-01-31T10:30,13N,424539,4417649,39.90557,-105.88281,None,Overcast(complete cover),Calm,Frozen,Smooth,Grass,15,No Trees
Fraser,JPL #1,COFEJ1,2020-02-05T10:44,13N,424539,4417649,39.90557,-105.88281,Very Light,Overcast(complete cover),Calm,Frozen,Smooth,Grass,10,Sparse (5-20%)
Fraser,JPL #1,COFEJ1,2020-02-10T13:00,13N,424539,4417649,39.90557,-105.88281,Light,Overcast(complete cover),Calm,Frozen,Rough,Grass,10,No Trees
Fraser,JPL #1,COFEJ1,2020-02-12T13:42,13N,424539,4417649,39.90557,-105.88281,None,Overcast(complete cover),Calm,Frozen,Smooth,Grass | Shrub,15 | 20,No Trees
Fraser,JPL #1,COFEJ1,2020-02-21T11:05,13N,424539,4417649,39.90557,-105.88281,None,Clear,Calm,Frozen,Rough,Grass,15,No Trees
Fraser,JPL #1,COFEJ1,2020-02-26T12:08,13N,424539,4417649,39.90557,-105.88281,None,Clear,Calm,Frozen,Rough,Grass,15,No Trees
Fraser,JPL #1,COFEJ1,2020-03-04T12:20,13N,424539,4417649,39.90557,-105.88281,None,Clear,Light,Frozen,Smooth,Bare,,No Trees
Fraser,JPL #1,COFEJ1,2020-03-11T10:15,13N,424539,4417649,39.90557,-105.88281,None,Few (< 1/4 of sky),Calm,Moist,Rough,Grass,16,No Trees
Fraser,JPL #1,COFEJ1,2020-03-18T15:40,13N,424539,4417649,39.90557,-105.88281,None,Scattered (1/4 - 1/2 of sky),Calm,Moist,Smooth,Grass,5,No Trees
Fraser,JPL #2,COFEJ2,2019-10-24T13:22,13N,424573,4417710,39.90612,-105.88242,None,Broken (> 1/2 of sky),Calm,Moist,Rough,Grass,13,No Trees
Fraser,JPL #2,COFEJ2,2019-10-29T12:54,13N,424573,4417710,39.90612,-105.88242,Very Light,Overcast(complete cover),Calm,Moist,Rough,Grass,15,No Trees
Fraser,JPL #2,COFEJ2,2019-11-24T11:55,13N,424573,4417710,39.90612,-105.88242,None,Clear,Calm,Frozen,Rough,Grass,30,No Trees
Fraser,JPL #2,COFEJ2,2019-12-03T13:10,13N,424573,4417710,39.90612,-105.88242,None,Scattered (1/4 - 1/2 of sky),Calm,Frozen,Rough,Grass,15,No Trees
Fraser,JPL #2,COFEJ2,2019-12-10T12:45,13N,424573,4417710,39.90612,-105.88242,None,Few (< 1/4 of sky),Calm,Frozen,Rough,Grass,20,No Trees
Fraser,JPL #2,COFEJ2,2019-12-16T12:32,13N,424573,4417710,39.90612,-105.88242,None,Scattered (1/4 - 1/2 of sky),Light,Frozen,Rough,Grass | Shrub,20 | 25,No Trees
Fraser,JPL #2,COFEJ2,2019-12-30T12:27,13N,424573,4417710,39.90612,-105.88242,None,Clear,Calm,Frozen,Rough,Grass,20,No Trees
Fraser,JPL #2,COFEJ2,2020-01-04T12:00,13N,424573,4417710,39.90612,-105.88242,None,Broken (> 1/2 of sky),Calm,Frozen,Rough,Grass,20,No Trees
Fraser,JPL #2,COFEJ2,2020-01-08T12:08,13N,424573,4417710,39.90612,-105.88242,None,Clear,Calm,Frozen,Smooth,Grass,18,No Trees
Fraser,JPL #2,COFEJ2,2020-01-19T11:40,13N,424573,4417710,39.90612,-105.88242,Very Light,Overcast(complete cover),Light,Frozen,Rough,Grass | Shrub,20 | 30,No Trees
Fraser,JPL #2,COFEJ2,2020-02-05T12:00,13N,424573,4417710,39.90612,-105.88242,Very Light,Overcast(complete cover),Calm,Frozen,Rough,Grass | Shrub,25 | 10,No Trees
Fraser,JPL #2,COFEJ2,2020-02-10T13:45,13N,424573,4417710,39.90612,-105.88242,Very Light,Overcast(complete cover),Calm,Frozen,Rough,Grass,15,No Trees
Fraser,JPL #2,COFEJ2,2020-02-21T11:45,13N,424573,4417710,39.90612,-105.88242,None,Clear,Calm,Frozen,Rough,Grass | Deadfall,10 | 5,No Trees
Fraser,JPL #2,COFEJ2,2020-03-04T13:20,13N,424573,4417710,39.90612,-105.88242,None,Clear,Light,Frozen,Smooth,Grass,15,No Trees
Fraser,JPL #2,COFEJ2,2020-03-11T11:30,13N,424573,4417710,39.90612,-105.88242,None,Few (< 1/4 of sky),Light,Moist,Rough,Grass,16,No Trees
Fraser,JPL #2,COFEJ2,2020-03-18T15:00,13N,424573,4417710,39.90612,-105.88242,None,Scattered (1/4 - 1/2 of sky),Light,Moist,Smooth,Grass,5,No Trees
Fraser,SNB #1,COFEB1,2019-12-19T14:04,13N,424968,4417802,39.90698,-105.87781,None,Broken (> 1/2 of sky),Calm,Frozen,Rugged,Grass | Deadfall,45 | 10,No Trees
Fraser,SNB #1,COFEB1,2020-01-31T12:30,13N,424968,4417802,39.90698,-105.87781,None,Overcast(complete cover),Calm,Frozen,Rough,Grass,25,No Trees
Fraser,SNB #1,COFEB1,2020-02-05T13:00,13N,424968,4417802,39.90698,-105.87781,Very Light,Overcast(complete cover),Calm,Frozen,Rough,Grass,18,No Trees
Fraser,SNB #1,COFEB1,2020-02-12T10:30,13N,424968,4417802,39.90698,-105.87781,Very Light,Broken (> 1/2 of sky),Calm,Frozen,Rough,Grass | Deadfall,25 | 10,No Trees
Fraser,SNB #1,COFEB1,2020-02-21T13:50,13N,424968,4417802,39.90698,-105.87781,None,Clear,Calm,Frozen,Rough,Grass,18,No Trees
Fraser,SNB #1,COFEB1,2020-02-26T13:50,13N,424968,4417802,39.90698,-105.87781,None,Overcast(complete cover),Light,Frozen,Rugged,Grass | Deadfall,13 | 15,No Trees
Fraser,SNB #1,COFEB1,2020-03-04T15:30,13N,424968,4417802,39.90698,-105.87781,None,Clear,Moderate,Frozen,Rugged,Deadfall,25,No Trees
Fraser,SNB #1,COFEB1,2020-03-11T13:00,13N,424968,4417802,39.90698,-105.87781,None,Overcast(complete cover),Moderate,Moist,Rough,Deadfall,30,No Trees
Fraser,SNB #2,COFEB2,2019-12-19T15:10,13N,424863,4417808,39.90703,-105.87904,None,Overcast(complete cover),Calm,Frozen,Smooth,Bare,,Open (20-70%)
Fraser,SNB #2,COFEB2,2020-01-31T13:04,13N,424863,4417808,39.90703,-105.87904,None,Overcast(complete cover),Calm,Frozen,Rough,Grass,5,Open (20-70%)
Fraser,SNB #2,COFEB2,2020-02-05T14:19,13N,424863,4417808,39.90703,-105.87904,Very Light,Overcast(complete cover),Calm,Frozen,Smooth,Bare,,Open (20-70%)
Fraser,SNB #2,COFEB2,2020-02-12T11:20,13N,424863,4417808,39.90703,-105.87904,None,Overcast(complete cover),Light,Frozen,Smooth,Shrub,31,Open (20-70%)
Fraser,SNB #2,COFEB2,2020-02-21T14:50,13N,424863,4417808,39.90703,-105.87904,None,Clear,Calm,Frozen,Rough,Bare,,Open (20-70%)
Fraser,SNB #2,COFEB2,2020-02-26T14:40,13N,424863,4417808,39.90703,-105.87904,None,Overcast(complete cover),Light,Frozen,Rough,Deadfall,15,Open (20-70%)
Grand Mesa,County Line Open,COGMCO,2019-12-19T12:20,12N,756903,4324357,39.03053,-108.03217,None,Clear,Light,Frozen,Smooth,Grass,5-10,No Trees
Grand Mesa,County Line Open,COGMCO,2019-12-20T10:30,12N,756903,4324357,39.03053,-108.03217,None,Clear,Light,Frozen,Smooth,Grass,5,No Trees
Grand Mesa,County Line Open,COGMCO,2020-01-22T10:15,12N,756903,4324357,39.03053,-108.03217,Very Light,Overcast(complete cover),Light,Frozen,Smooth,Grass,10,No Trees
Grand Mesa,County Line Open,COGMCO,2020-01-31T08:30,12N,756903,4324357,39.03053,-108.03217,None,Clear,Light,Frozen,Smooth,Grass,15-20,No Trees
Grand Mesa,County Line Open,COGMCO,2020-02-12T08:52,12N,756903,4324357,39.03053,-108.03217,Light,Overcast(complete cover),Light,Frozen,Rough,Grass,8,No Trees
Grand Mesa,County Line Open,COGMCO,2020-02-19T09:30,12N,756903,4324357,39.03053,-108.03217,None,Broken (> 1/2 of sky),Light,Frozen,Smooth,Grass,11,No Trees
Grand Mesa,County Line Open,COGMCO,2020-02-26T07:15,12N,756903,4324357,39.03053,-108.03217,None,Clear,Calm,Frozen,Smooth,Grass,,No Trees
Grand Mesa,County Line Open,COGMCO,2020-03-04T09:21,12N,756903,4324357,39.03053,-108.03217,None,Clear,Light,Frozen,Smooth,Grass,,No Trees
Grand Mesa,County Line Open,COGMCO,2020-03-12T09:50,12N,756903,4324357,39.03053,-108.03217,None,Overcast(complete cover),Light,Frozen,Rough,Grass,,No Trees
Grand Mesa,County Line Open,COGMCO,2020-03-18T09:25,12N,756903,4324357,39.03053,-108.03217,Very Light,Overcast(complete cover),Moderate,Frozen,Rough,Bare,,No Trees
Grand Mesa,County Line Open,COGMCO,2020-03-25T11:15,12N,756903,4324357,39.03053,-108.03217,None,Broken (> 1/2 of sky),Moderate,Frozen,Smooth,Bare,,No Trees
Grand Mesa,County Line Tree,COGMCT,2019-12-19T14:20,12N,756712,4324540,39.03224,-108.03431,None,Clear,Calm,Frozen,Rugged,Shrub | Deadfall,20 | 20-30,Closed (>70%)
Grand Mesa,County Line Tree,COGMCT,2020-01-22T12:25,12N,756712,4324540,39.03224,-108.03431,Very Light,Overcast(complete cover),Calm,Frozen,Rugged,Shrub | Deadfall,10 | 20,Open (20-70%)
Grand Mesa,County Line Tree,COGMCT,2020-01-31T10:16,12N,756712,4324540,39.03224,-108.03431,None,Few (< 1/4 of sky),Light,Frozen,Smooth,Shrub | Deadfall,10,Open (20-70%)
Grand Mesa,County Line Tree,COGMCT,2020-02-12T10:30,12N,756712,4324540,39.03224,-108.03431,Light,Overcast(complete cover),Light,Frozen,Smooth,Shrub,25,Open (20-70%)
Grand Mesa,County Line Tree,COGMCT,2020-02-19T11:15,12N,756712,4324540,39.03224,-108.03431,None,Clear,Light,Frozen,Smooth,Grass | Deadfall,8,Closed (>70%)
Grand Mesa,County Line Tree,COGMCT,2020-02-26T08:55,12N,756712,4324540,39.03224,-108.03431,None,Clear,Calm,Frozen,Smooth,Bare | Shrub,50 | 40-50,Closed (>70%)
Grand Mesa,County Line Tree,COGMCT,2020-03-04T12:52,12N,756712,4324540,39.03224,-108.03431,None,Clear,Light,Frozen,Rugged,Bare | Deadfall,25,Open (20-70%)
Grand Mesa,County Line Tree,COGMCT,2020-03-12T11:30,12N,756712,4324540,39.03224,-108.03431,None,Overcast(complete cover),Calm,Frozen,Smooth,Grass,15,Open (20-70%)
Grand Mesa,County Line Tree,COGMCT,2020-03-18T11:05,12N,756712,4324540,39.03224,-108.03431,Very Light,Overcast(complete cover),Moderate,Frozen,Rugged,Deadfall,25,Open (20-70%)
Grand Mesa,County Line Tree,COGMCT,2020-03-25T13:30,12N,756712,4324540,39.03224,-108.03431,None,Broken (> 1/2 of sky),Moderate,Frozen,Rugged,Deadfall,50,Open (20-70%)
Grand Mesa,Skyway Open,COGMSO,2019-12-19T16:00,12N,754270,4325785,39.04415,-108.06202,None,Few (< 1/4 of sky),Calm,Frozen,Smooth,Grass,10,No Trees
Grand Mesa,Skyway Open,COGMSO,2020-01-22T14:55,12N,754270,4325785,39.04415,-108.06202,None,Overcast(complete cover),Light,Frozen,Smooth,Grass,10,No Trees
Grand Mesa,Skyway Open,COGMSO,2020-01-31T12:25,12N,754270,4325785,39.04415,-108.06202,None,Overcast(complete cover),Light,Frozen,Smooth,Grass,10,No Trees
Grand Mesa,Skyway Open,COGMSO,2020-02-12T12:52,12N,754270,4325785,39.04415,-108.06202,None,Broken (> 1/2 of sky),Moderate,Frozen,Smooth,Grass,5,No Trees
Grand Mesa,Skyway Open,COGMSO,2020-02-19T13:40,12N,754270,4325785,39.04415,-108.06202,None,Clear,Light,Frozen,Rough,Grass,12,No Trees
Grand Mesa,Skyway Open,COGMSO,2020-02-25T15:00,12N,754270,4325785,39.04415,-108.06202,None,Clear,Strong,Frozen,Smooth,Grass,7-10,No Trees
Grand Mesa,Skyway Open,COGMSO,2020-03-04T15:50,12N,754270,4325785,39.04415,-108.06202,None,Clear,Light,Frozen,Smooth,Grass,,No Trees
Grand Mesa,Skyway Open,COGMSO,2020-03-12T16:20,12N,754270,4325785,39.04415,-108.06202,None,Scattered (1/4 - 1/2 of sky),Light,Frozen,Smooth,Grass,15,No Trees
Grand Mesa,Skyway Open,COGMSO,2020-03-21T10:30,12N,754270,4325785,39.04415,-108.06202,Very Light,Broken (> 1/2 of sky),Light,Frozen,Smooth,Grass,20,No Trees
Grand Mesa,Skyway Open,COGMSO,2020-03-28T17:30,12N,754270,4325785,39.04415,-108.06202,Light,Scattered (1/4 - 1/2 of sky),Calm,Frozen,Smooth,Grass,20,No Trees
Grand Mesa,Skyway Tree,COGMST,2020-01-22T16:55,12N,754171,4325869,39.04494,-108.06313,Very Light,Overcast(complete cover),Calm,Frozen,Rough,Bare | Shrub,20,Open (20-70%)
Grand Mesa,Skyway Tree,COGMST,2020-01-31T14:23,12N,754171,4325869,39.04494,-108.06313,None,Overcast(complete cover),Light,Frozen,Smooth,Deadfall,2,Closed (>70%)
Grand Mesa,Skyway Tree,COGMST,2020-02-12T14:30,12N,754171,4325869,39.04494,-108.06313,Very Light,Broken (> 1/2 of sky),Moderate,Frozen,Smooth,Bare,,Closed (>70%)
Grand Mesa,Skyway Tree,COGMST,2020-02-19T15:00,12N,754171,4325869,39.04494,-108.06313,None,Clear,Light,Frozen,Smooth,Grass | Deadfall,18 | 14,Open (20-70%)
Grand Mesa,Skyway Tree,COGMST,2020-02-25T16:40,12N,754171,4325869,39.04494,-108.06313,None,Clear,Moderate,Frozen,Smooth,Bare,,Closed (>70%)
Grand Mesa,Skyway Tree,COGMST,2020-03-12T14:45,12N,754171,4325869,39.04494,-108.06313,None,Few (< 1/4 of sky),Calm,Frozen,Smooth,Grass,15,Open (20-70%)
Grand Mesa,Skyway Tree,COGMST,2020-03-21T12:55,12N,754171,4325869,39.04494,-108.06313,Light,Overcast(complete cover),Light,Frozen,Smooth,Bare,,Open (20-70%)
Grand Mesa,Skyway Tree,COGMST,2020-03-28T15:30,12N,754171,4325869,39.04494,-108.06313,Very Light,Overcast(complete cover),Calm,Frozen,Smooth,Bare | Grass | Shrub,10 | 15,Open (20-70%)
Jemez River,BA Flux Tower,NMJRBA,2019-12-20T14:50,13N,361740,3972675,35.88859,-106.53184,None,Clear,Light,Frozen,Smooth,Grass,1-2.5,No Trees
Jemez River,BA Flux Tower,NMJRBA,2020-01-22T14:20,13N,361740,3972675,35.88859,-106.53184,None,Few (< 1/4 of sky),Light,Frozen,Smooth,Grass,2.5,Sparse (5-20%)
Jemez River,BA Flux Tower,NMJRBA,2020-01-29T11:19,13N,361740,3972675,35.88859,-106.53184,None,Broken (> 1/2 of sky),Calm,Moist,Smooth,Grass,2.5-5,No Trees
Jemez River,BA Flux Tower,NMJRBA,2020-02-05T11:14,13N,361740,3972675,35.88859,-106.53184,None,Few (< 1/4 of sky),Light,Moist,Rough,Grass,3-5,No Trees
Jemez River,BA Flux Tower,NMJRBA,2020-02-12T13:37,13N,361740,3972675,35.88859,-106.53184,None,Broken (> 1/2 of sky),Light,nan,nan,NaN,,No Trees
Jemez River,BA Flux Tower,NMJRBA,2020-02-20T12:34,13N,361740,3972675,35.88859,-106.53184,None,Clear,Calm,Moist,Rough,Grass,3-7,No Trees
Jemez River,BA Flux Tower,NMJRBA,2020-02-26T11:39,13N,361740,3972675,35.88859,-106.53184,None,Clear,Calm,Frozen,Rough,Grass,2021-03-05 00:00:00,No Trees
Jemez River,BA Flux Tower,NMJRBA,2020-03-04T11:16,13N,361740,3972675,35.88859,-106.53184,None,Clear,Calm,Frozen,Rough,Grass,1-4,No Trees
Jemez River,HQ Met Station,NMJRHQ,2019-12-20T11:00,13N,362632,3969260,35.85793,-106.52137,None,Clear,Light,Moist,Smooth,Grass,4-5,No Trees
Jemez River,HQ Met Station,NMJRHQ,2020-01-22T11:15,13N,362632,3969260,35.85793,-106.52137,None,Few (< 1/4 of sky),Light,Moist,Smooth,Grass,5-8,No Trees
Jemez River,HQ Met Station,NMJRHQ,2020-01-29T10:26,13N,362632,3969260,35.85793,-106.52137,Very Light,Broken (> 1/2 of sky),Calm,Frozen,Smooth,Grass,3-12,No Trees
Jemez River,HQ Met Station,NMJRHQ,2020-02-05T11:00,13N,362632,3969260,35.85793,-106.52137,None,Clear,Calm,Frozen,Smooth,Grass,7-15,No Trees
Jemez River,HQ Met Station,NMJRHQ,2020-02-12T13:05,13N,362632,3969260,35.85793,-106.52137,None,Broken (> 1/2 of sky),Moderate,Moist,Smooth,Grass,,No Trees
Jemez River,HQ Met Station,NMJRHQ,2020-02-20T11:56,13N,362632,3969260,35.85793,-106.52137,None,Clear,Light,Moist,Smooth,Grass,7-14,No Trees
Jemez River,HQ Met Station,NMJRHQ,2020-02-26T11:57,13N,362632,3969260,35.85793,-106.52137,None,Clear,Calm,Frozen,Rough,Grass,9-11,No Trees
Jemez River,HQ Met Station,NMJRHQ,2020-03-04T11:05,13N,362632,3969260,35.85793,-106.52137,None,Clear,Calm,Moist,Rough,Grass,11-16,No Trees
Little Cottonwood,Alta Collins,UTLCAC,2020-01-24T12:22,12N,446677,4491448,40.5721,-111.62997,Moderate,Overcast(complete cover),Calm,Frozen,Rough,Grass,,No Trees
Little Cottonwood,Alta Collins,UTLCAC,2020-01-31T11:30,12N,446677,4491448,40.5721,-111.62997,None,Overcast(complete cover),Calm,Frozen,Smooth,Grass,,No Trees
Little Cottonwood,Alta Collins,UTLCAC,2020-02-13T13:45,12N,446677,4491448,40.5721,-111.62997,None,Few (< 1/4 of sky),Light,Frozen,Smooth,Grass,,No Trees
Little Cottonwood,Alta Collins,UTLCAC,2020-02-20T14:00,12N,446677,4491448,40.5721,-111.62997,None,Clear,Moderate,Moist,Smooth,Grass,,No Trees
Little Cottonwood,Alta Collins,UTLCAC,2020-02-27T10:00,12N,446677,4491448,40.5721,-111.62997,None,Clear,Calm,Frozen,Smooth,Bare,,No Trees
Little Cottonwood,Alta Collins,UTLCAC,2020-03-05T11:00,12N,446677,4491448,40.5721,-111.62997,None,Clear,Calm,Frozen,Smooth,Grass,,No Trees
Little Cottonwood,Alta Collins,UTLCAC,2020-03-12T10:30,12N,446677,4491448,40.5721,-111.62997,None,Clear,Light,Frozen,Smooth,Grass,,No Trees
Little Cottonwood,Atwater,UTLCAW,2020-01-24T11:00,12N,446048,4493579,40.59125,-111.63759,Light,Overcast(complete cover),Calm,Frozen,Smooth,Grass,,No Trees
Little Cottonwood,Atwater,UTLCAW,2020-01-31T12:00,12N,446048,4493579,40.59125,-111.63759,None,Broken (> 1/2 of sky),Calm,Frozen,Smooth,Grass,,No Trees
Little Cottonwood,Atwater,UTLCAW,2020-02-13T15:10,12N,446048,4493579,40.59125,-111.63759,None,Few (< 1/4 of sky),Calm,Frozen,Smooth,Bare,,No Trees
Little Cottonwood,Atwater,UTLCAW,2020-02-20T13:50,12N,446048,4493579,40.59125,-111.63759,None,Clear,Light,Frozen,Smooth,Grass,,No Trees
Little Cottonwood,Atwater,UTLCAW,2020-02-27T11:45,12N,446048,4493579,40.59125,-111.63759,None,Clear,Calm,Frozen,Smooth,Grass,1-3,Sparse (5-20%)
Little Cottonwood,Atwater,UTLCAW,2020-03-05T12:30,12N,446048,4493579,40.59125,-111.63759,None,Clear,Calm,Frozen,Smooth,Grass,,No Trees
Little Cottonwood,Atwater,UTLCAW,2020-03-12T13:48,12N,446048,4493579,40.59125,-111.63759,None,Clear,Calm,Frozen,Smooth,Grass,,Sparse (5-20%)
Mammoth Lakes,CUES Study Plot,CAMLCP,2019-12-18T11:08,11N,320985,4168170,37.64325,-119.02906,None,Broken (> 1/2 of sky),Moderate,Frozen,Smooth,Bare,,No Trees
Mammoth Lakes,CUES Study Plot,CAMLCP,2020-01-22T10:00,11N,320985,4168170,37.64325,-119.02906,None,Broken (> 1/2 of sky),Calm,Frozen,Smooth,Bare,,No Trees
Mammoth Lakes,CUES Study Plot,CAMLCP,2020-01-29T09:50,11N,320985,4168170,37.64325,-119.02906,None,Few (< 1/4 of sky),Light,Frozen,Smooth,Bare,,No Trees
Mammoth Lakes,CUES Study Plot,CAMLCP,2020-02-06T13:35,11N,320985,4168170,37.64325,-119.02906,None,Clear,Calm,Frozen,Smooth,Bare,,No Trees
Mammoth Lakes,CUES Study Plot,CAMLCP,2020-02-12T10:15,11N,320985,4168170,37.64325,-119.02906,None,Few (< 1/4 of sky),Calm,Frozen,Smooth,Bare,,No Trees
Mammoth Lakes,CUES Study Plot,CAMLCP,2020-02-19T10:05,11N,320985,4168170,37.64325,-119.02906,None,Few (< 1/4 of sky),Light,Frozen,Smooth,Bare | Shrub,5,No Trees
Mammoth Lakes,CUES Study Plot,CAMLCP,2020-02-26T09:54,11N,320985,4168170,37.64325,-119.02906,None,Clear,Moderate,Frozen,Smooth,Bare | Shrub,5,No Trees
Mammoth Lakes,CUES Study Plot,CAMLCP,2020-03-04T10:28,11N,320985,4168170,37.64325,-119.02906,None,Few (< 1/4 of sky),Calm,Frozen,Smooth,Bare | Shrub,5,No Trees
Mammoth Lakes,CUES Study Plot,CAMLCP,2020-03-11T10:08,11N,320985,4168170,37.64325,-119.02906,Very Light,Overcast(complete cover),Light,Frozen,Smooth,Bare | Shrub,5,No Trees
Mammoth Lakes,Panorama Dome,CAMLPD,2019-12-18T11:28,11N,323468,4165496,37.61964,-119.00028,None,Few (< 1/4 of sky),Strong,Frozen,Rugged,Shrub,20,No Trees
Mammoth Lakes,Panorama Dome,CAMLPD,2020-01-24T09:45,11N,323468,4165496,37.61964,-119.00028,None,Overcast(complete cover),Strong,Moist,Rough,Shrub,20,No Trees
Mammoth Lakes,Panorama Dome,CAMLPD,2020-01-29T10:30,11N,323468,4165496,37.61964,-119.00028,None,Few (< 1/4 of sky),Light,Frozen,Rough,Shrub,20,No Trees
Mammoth Lakes,Panorama Dome,CAMLPD,2020-02-05T10:00,11N,323468,4165496,37.61964,-119.00028,None,Overcast(complete cover),Moderate,Frozen,Rough,Shrub,20,No Trees
Mammoth Lakes,Panorama Dome,CAMLPD,2020-02-12T10:29,11N,323468,4165496,37.61964,-119.00028,None,Clear,Calm,Frozen,Rough,Shrub,20,No Trees
Mammoth Lakes,Panorama Dome,CAMLPD,2020-02-19T10:15,11N,323468,4165496,37.61964,-119.00028,None,Clear,Calm,Frozen,Rough,Shrub,20,No Trees
Niwot Ridge,C1,CONWC1,2019-12-18T09:15,13N,453402,4431582,40.03317,-105.54616,None,Clear,Calm,Frozen,Smooth,Bare,,Open (20-70%)
Niwot Ridge,C1,CONWC1,2020-01-22T11:45,13N,453402,4431582,40.03317,-105.54616,Very Light,Broken (> 1/2 of sky),Strong,Frozen,Smooth,Bare,,Open (20-70%)
Niwot Ridge,C1,CONWC1,2020-01-29T10:20,13N,453402,4431582,40.03317,-105.54616,None,Broken (> 1/2 of sky),Calm,Frozen,Rough,Bare,,Sparse (5-20%)
Niwot Ridge,C1,CONWC1,2020-02-05T10:20,13N,453402,4431582,40.03317,-105.54616,None,Clear,Light,Frozen,Rough,Deadfall,3,Open (20-70%)
Niwot Ridge,C1,CONWC1,2020-02-12T09:10,13N,453402,4431582,40.03317,-105.54616,None,Broken (> 1/2 of sky),Calm,Frozen,Smooth,Bare,,Open (20-70%)
Niwot Ridge,C1,CONWC1,2020-02-19T09:30,13N,453402,4431582,40.03317,-105.54616,None,Few (< 1/4 of sky),Calm,Frozen,Smooth,Bare,,Open (20-70%)
Niwot Ridge,C1,CONWC1,2020-02-26T08:20,13N,453402,4431582,40.03317,-105.54616,None,Clear,Strong,Frozen,Rough,Shrub,10,Open (20-70%)
Niwot Ridge,C1,CONWC1,2020-03-04T09:03,13N,453402,4431582,40.03317,-105.54616,None,Clear,Moderate,Frozen,Rough,Shrub | Deadfall,5 | 5,Open (20-70%)
Niwot Ridge,C1,CONWC1,2020-03-11T08:16,13N,453402,4431582,40.03317,-105.54616,None,Clear,Strong,Frozen,Rough,Shrub,,Open (20-70%)
Niwot Ridge,Saddle,CONWSA,2019-12-18T13:00,13N,449623,4434025,40.05497,-105.59065,None,Clear,Calm,Frozen,Smooth,Grass,,No Trees
Niwot Ridge,Saddle,CONWSA,2020-01-29T10:30,13N,449623,4434025,40.05497,-105.59065,Very Light,Overcast(complete cover),Light,Frozen,Smooth,Grass,True,No Trees
Niwot Ridge,Saddle,CONWSA,2020-02-05T11:45,13N,449623,4434025,40.05497,-105.59065,None,Few (< 1/4 of sky),Moderate,Frozen,Smooth,Grass,,No Trees
Niwot Ridge,Saddle,CONWSA,2020-02-12T10:45,13N,449623,4434025,40.05497,-105.59065,None,Few (< 1/4 of sky),Light,Frozen,Smooth,Grass,True,No Trees
Niwot Ridge,Saddle,CONWSA,2020-02-19T10:32,13N,449623,4434025,40.05497,-105.59065,None,Scattered (1/4 - 1/2 of sky),Light,Frozen,Smooth,Grass,True,No Trees
Niwot Ridge,Saddle,CONWSA,2020-02-26T10:16,13N,449623,4434025,40.05497,-105.59065,None,Few (< 1/4 of sky),Extreme,Frozen,Smooth,Grass,True,No Trees
Niwot Ridge,Saddle,CONWSA,2020-03-04T10:06,13N,449623,4434025,40.05497,-105.59065,None,Clear,Strong,Frozen,Smooth,Grass,True,No Trees
Sagehen,Forest,CASHFO,2019-12-20T12:31,10N,737378,4368076,39.42955,-120.24211,None,Few (< 1/4 of sky),Light,Moist,Rugged,Bare | Deadfall,,Open (20-70%)
Sagehen,Forest,CASHFO,2020-01-29T10:53,10N,737378,4368076,39.42955,-120.24211,None,Scattered (1/4 - 1/2 of sky),Calm,Moist,Rough,Grass | Deadfall,,Open (20-70%)
Sagehen,Forest,CASHFO,2020-02-12T09:19,10N,737378,4368076,39.42955,-120.24211,None,Clear,Calm,Moist,Smooth,Grass,True,Open (20-70%)
Sagehen,Forest,CASHFO,2020-02-19T10:00,10N,737378,4368076,39.42955,-120.24211,None,Clear,Calm,Moist,Smooth,Grass,True,Open (20-70%)
Sagehen,Forest,CASHFO,2020-02-26T10:00,10N,737378,4368076,39.42955,-120.24211,None,Clear,Calm,Moist,Smooth,Bare,,Open (20-70%)
Sagehen,Forest,CASHFO,2020-03-04T09:25,10N,737378,4368076,39.42955,-120.24211,None,Clear,Calm,Saturated,Smooth,Bare,,No Trees
Sagehen,Forest,CASHFO,2020-03-11T09:23,10N,737378,4368076,39.42955,-120.24211,None,Clear,Calm,Moist,Smooth,Bare,,Sparse (5-20%)
Sagehen,Open,CASHOP,2019-12-20T11:23,10N,737572,4368173,39.43037,-120.23982,None,Scattered (1/4 - 1/2 of sky),Light,Moist,Smooth,Grass,,No Trees
Sagehen,Open,CASHOP,2020-01-29T10:57,10N,737572,4368173,39.43037,-120.23982,None,Scattered (1/4 - 1/2 of sky),Calm,Frozen,Rough,Grass,,No Trees
Sagehen,Open,CASHOP,2020-02-12T09:38,10N,737572,4368173,39.43037,-120.23982,None,Clear,Calm,Frozen,Rough,Grass,,No Trees
Sagehen,Open,CASHOP,2020-02-19T10:21,10N,737572,4368173,39.43037,-120.23982,None,Clear,Calm,Frozen,Rough,Grass,,No Trees
Sagehen,Open,CASHOP,2020-02-26T10:16,10N,737572,4368173,39.43037,-120.23982,None,Clear,Calm,Frozen,Rough,Grass,,No Trees
Sagehen,Open,CASHOP,2020-03-04T09:57,10N,737572,4368173,39.43037,-120.23982,None,Clear,Calm,Saturated,Smooth,Bare,,No Trees
Sagehen,Open,CASHOP,2020-03-11T09:50,10N,737572,4368173,39.43037,-120.23982,None,Clear,Calm,Moist,Smooth,Bare,,No Trees
Sagehen,Tower 4,CASHT4,2020-01-29T14:15,10N,732507,4367108,39.42216,-120.29898,None,Few (< 1/4 of sky),Calm,Moist,Smooth,Shrub,5,No Trees
Sagehen,Tower 4,CASHT4,2020-02-12T10:50,10N,732507,4367108,39.42216,-120.29898,None,Clear,Calm,Moist,Smooth,Shrub,4,No Trees
Sagehen,Tower 4,CASHT4,2020-02-19T12:30,10N,732507,4367108,39.42216,-120.29898,None,Clear,Calm,Moist,Smooth,Shrub,5,Sparse (5-20%)
Sagehen,Tower 4,CASHT4,2020-02-26T12:01,10N,732507,4367108,39.42216,-120.29898,None,Clear,Light,Moist,Smooth,Bare,,No Trees
Sagehen,Tower 4,CASHT4,2020-03-04T10:58,10N,732507,4367108,39.42216,-120.29898,None,Clear,Calm,Moist,Smooth,Bare,,Sparse (5-20%)
Sagehen,Tower 4,CASHT4,2020-03-11T11:45,10N,732507,4367108,39.42216,-120.29898,None,Few (< 1/4 of sky),Light,Moist,Rough,Shrub,10,No Trees
Senator Beck,Senator Beck,COSBSB,2019-12-18T14:15,13N,260318,4199007,37.90705,-107.72625,None,Scattered (1/4 - 1/2 of sky),Light,Frozen,Rough,Grass,10,No Trees
Senator Beck,Senator Beck,COSBSB,2020-02-01T09:50,13N,260318,4199007,37.90705,-107.72625,None,Scattered (1/4 - 1/2 of sky),Moderate,Frozen,Rough,Grass,5-10,No Trees
Senator Beck,Senator Beck,COSBSB,2020-02-19T12:40,13N,260318,4199007,37.90705,-107.72625,Very Light,Broken (> 1/2 of sky),Moderate,Frozen,Rough,Bare | Grass,15,No Trees
Senator Beck,Senator Beck,COSBSB,2020-02-26T12:50,13N,260318,4199007,37.90705,-107.72625,None,Few (< 1/4 of sky),Moderate,Frozen,Rough,Grass,20,No Trees
Senator Beck,Senator Beck,COSBSB,2020-03-04T12:15,13N,260318,4199007,37.90705,-107.72625,None,Clear,Light,Frozen,Rough,Grass,15,No Trees
Senator Beck,Swamp Angel,COSBSA,2019-12-18T09:15,13N,261641,4198978,37.90714,-107.71121,None,Few (< 1/4 of sky),Calm,Frozen,Rough,Bare | Grass | Shrub,10 | 20,No Trees
Senator Beck,Swamp Angel,COSBSA,2020-01-22T12:35,13N,261641,4198978,37.90714,-107.71121,Moderate,Overcast(complete cover),Light,Frozen,Smooth,Grass | Shrub,5 | 20,No Trees
Senator Beck,Swamp Angel,COSBSA,2020-01-29T12:05,13N,261641,4198978,37.90714,-107.71121,Very Light,Scattered (1/4 - 1/2 of sky),Light,Moist,Rough,Grass,15,No Trees
Senator Beck,Swamp Angel,COSBSA,2020-02-12T12:36,13N,261641,4198978,37.90714,-107.71121,Very Light,Scattered (1/4 - 1/2 of sky),Moderate,Frozen,Rough,Grass,10,No Trees
Senator Beck,Swamp Angel,COSBSA,2020-02-19T14:46,13N,261641,4198978,37.90714,-107.71121,None,Scattered (1/4 - 1/2 of sky),Light,Frozen,Rough,Grass,10,No Trees
Senator Beck,Swamp Angel,COSBSA,2020-02-26T14:44,13N,261641,4198978,37.90714,-107.71121,None,Broken (> 1/2 of sky),Light,Frozen,Rough,Grass,7,No Trees
Senator Beck,Swamp Angel,COSBSA,2020-03-04T14:10,13N,261641,4198978,37.90714,-107.71121,None,Few (< 1/4 of sky),Light,Moist,Rough,Grass,15,No Trees
Senator Beck,Swamp Angel,COSBSA,2020-03-11T12:25,13N,261641,4198978,37.90714,-107.71121,Light,Overcast(complete cover),Light,Frozen,Rough,Grass,10,No Trees
